film_code,cinema_code,total_sales,tickets_sold,tickets_out,show_time,occu_perc,ticket_price,ticket_use,capacity,date,month,quarter,day
1492,304,3900000,26,0,4,4.26,150000.0,26,610.3286384976526,2018-05-05,5,2,5
1492,352,3360000,42,0,5,8.08,80000.0,42,519.8019801980198,2018-05-05,5,2,5
1492,489,2560000,32,0,4,20.0,80000.0,32,160.0,2018-05-05,5,2,5
1492,429,1200000,12,0,1,11.01,100000.0,12,108.99182561307903,2018-05-05,5,2,5
1492,524,1200000,15,0,3,16.67,80000.0,15,89.98200359928013,2018-05-05,5,2,5
1492,71,1050000,7,0,3,0.98,150000.0,7,714.2857142857143,2018-05-05,5,2,5
1492,163,1020000,10,0,3,7.69,102000.0,10,130.03901170351105,2018-05-05,5,2,5
1492,450,750000,5,0,3,1.57,150000.0,5,318.4713375796178,2018-05-05,5,2,5
1492,51,750000,11,0,2,0.95,68181.81818181818,11,1157.8947368421052,2018-05-05,5,2,5
1492,522,600000,4,0,3,1.55,150000.0,4,258.06451612903226,2018-05-05,5,2,5
1492,43,480000,6,0,3,0.44,80000.0,6,1363.6363636363637,2018-05-05,5,2,5
1492,529,480000,4,0,3,2.96,120000.0,4,135.13513513513513,2018-05-05,5,2,5
1492,82,400000,5,0,6,0.53,80000.0,5,943.3962264150942,2018-05-05,5,2,5
1492,344,300000,2,0,3,0.25,150000.0,2,800.0,2018-05-05,5,2,5
1492,73,240000,2,0,1,2.04,120000.0,2,98.0392156862745,2018-05-05,5,2,5
1492,304,16500000,112,0,4,18.33,147321.42857142858,112,611.0201854882707,2018-05-04,5,2,4
1492,352,13950000,93,0,5,10.57,150000.0,93,879.8486281929991,2018-05-04,5,2,4
1492,344,10200000,68,0,3,8.54,150000.0,68,796.2529274004685,2018-05-04,5,2,4
1492,71,6600000,44,0,3,6.14,150000.0,44,716.6123778501629,2018-05-04,5,2,4
1492,163,3360000,31,0,3,24.8,108387.09677419355,31,125.0,2018-05-04,5,2,4
1492,522,3000000,20,0,3,7.75,150000.0,20,258.06451612903226,2018-05-04,5,2,4
1492,485,2400000,16,0,3,11.59,150000.0,16,138.05004314063848,2018-05-04,5,2,4
1492,524,1800000,12,0,3,13.33,150000.0,12,90.0225056264066,2018-05-04,5,2,4
1492,518,1680000,14,1,3,8.48,120000.0,13,165.0943396226415,2018-05-04,5,2,4
1492,51,1400000,17,0,1,2.93,82352.94117647059,17,580.2047781569966,2018-05-04,5,2,4
1492,448,1350000,9,0,2,2.37,150000.0,9,379.746835443038,2018-05-04,5,2,4
1492,429,1200000,12,0,1,11.01,100000.0,12,108.99182561307903,2018-05-04,5,2,4
1492,450,1050000,7,0,2,3.3,150000.0,7,212.12121212121212,2018-05-04,5,2,4
1492,489,900000,6,0,3,5.0,150000.0,6,120.0,2018-05-04,5,2,4
1492,43,880000,11,0,3,0.81,80000.0,11,1358.0246913580247,2018-05-04,5,2,4
1492,431,720000,6,0,2,11.54,120000.0,6,51.99306759098788,2018-05-04,5,2,4
1492,529,600000,5,0,2,5.56,120000.0,5,89.92805755395685,2018-05-04,5,2,4
1492,82,160000,2,0,6,0.21,80000.0,2,952.3809523809524,2018-05-04,5,2,4
1492,304,16500000,110,0,4,18.0,150000.0,110,611.1111111111111,2018-05-03,5,2,3
1492,163,6060000,54,0,4,32.73,112222.22222222222,54,164.98625114573787,2018-05-03,5,2,3
1492,344,5400000,36,0,3,4.52,150000.0,36,796.4601769911505,2018-05-03,5,2,3
1492,71,4350000,29,3,3,4.04,150000.0,26,717.8217821782179,2018-05-03,5,2,3
1492,352,3450000,29,0,6,2.75,118965.5172413793,29,1054.5454545454545,2018-05-03,5,2,3
1492,51,2700000,31,0,3,1.78,87096.7741935484,31,1741.5730337078653,2018-05-03,5,2,3
1492,448,2700000,18,0,2,9.68,150000.0,18,185.9504132231405,2018-05-03,5,2,3
1492,429,2200000,22,0,1,20.18,100000.0,22,109.01883052527255,2018-05-03,5,2,3
1492,522,1650000,11,0,3,4.26,150000.0,11,258.21596244131456,2018-05-03,5,2,3
1492,524,1500000,10,0,3,11.11,150000.0,10,90.00900090009,2018-05-03,5,2,3
1492,43,1280000,16,0,3,1.17,80000.0,16,1367.5213675213677,2018-05-03,5,2,3
1492,450,900000,6,0,2,2.83,150000.0,6,212.01413427561837,2018-05-03,5,2,3
1492,485,600000,4,0,3,2.9,150000.0,4,137.93103448275863,2018-05-03,5,2,3
1492,82,320000,4,0,6,0.42,80000.0,4,952.3809523809524,2018-05-03,5,2,3
1492,489,300000,2,0,3,1.67,150000.0,2,119.76047904191618,2018-05-03,5,2,3
1492,518,300000,5,0,3,3.03,60000.0,5,165.01650165016503,2018-05-03,5,2,3
1492,304,12600000,84,0,4,13.75,150000.0,84,610.909090909091,2018-05-02,5,2,2
1492,71,8100000,54,0,3,7.53,150000.0,54,717.1314741035857,2018-05-02,5,2,2
1492,448,4350000,29,0,2,7.92,150000.0,29,366.16161616161617,2018-05-02,5,2,2
1492,163,4080000,35,0,4,21.21,116571.42857142857,35,165.01650165016503,2018-05-02,5,2,2
1492,489,3080000,21,0,3,17.5,146666.66666666666,21,120.0,2018-05-02,5,2,2
1492,344,3000000,21,0,3,2.64,142857.14285714287,21,795.4545454545454,2018-05-02,5,2,2
1492,51,2800000,32,0,3,1.84,87500.0,32,1739.1304347826085,2018-05-02,5,2,2
1492,450,2700000,20,0,3,6.29,135000.0,20,317.9650238473768,2018-05-02,5,2,2
1492,485,2100000,14,0,3,10.14,150000.0,14,138.0670611439842,2018-05-02,5,2,2
1492,522,1950000,13,0,3,5.04,150000.0,13,257.93650793650795,2018-05-02,5,2,2
1492,429,1800000,18,0,3,4.26,100000.0,18,422.5352112676057,2018-05-02,5,2,2
1492,524,900000,6,0,3,3.92,150000.0,6,153.0612244897959,2018-05-02,5,2,2
1492,431,720000,6,0,2,11.54,120000.0,6,51.99306759098788,2018-05-02,5,2,2
1492,43,640000,8,0,4,0.78,80000.0,8,1025.6410256410256,2018-05-02,5,2,2
1492,72,240000,2,0,1,1.98,120000.0,2,101.01010101010101,2018-05-02,5,2,2
1492,82,240000,3,0,6,0.32,80000.0,3,937.5,2018-05-02,5,2,2
1492,304,3750000,29,0,3,6.58,129310.3448275862,29,440.7294832826747,2018-05-06,5,2,6
1492,344,2850000,19,0,3,3.4,150000.0,19,558.8235294117648,2018-05-06,5,2,6
1492,71,2850000,19,0,3,2.65,150000.0,19,716.9811320754717,2018-05-06,5,2,6
1492,144,2480000,31,0,6,1.34,80000.0,31,2313.4328358208954,2018-05-06,5,2,6
1492,51,1850000,22,0,2,1.89,84090.90909090909,22,1164.0211640211642,2018-05-06,5,2,6
1492,485,1650000,11,0,3,7.97,150000.0,11,138.01756587202007,2018-05-06,5,2,6
1492,522,1650000,11,0,3,4.26,150000.0,11,258.21596244131456,2018-05-06,5,2,6
1492,450,1350000,9,0,3,2.83,150000.0,9,318.02120141342755,2018-05-06,5,2,6
1492,352,1350000,9,0,6,1.44,150000.0,9,625.0,2018-05-06,5,2,6
1492,448,1200000,8,0,1,4.21,150000.0,8,190.02375296912115,2018-05-06,5,2,6
1492,82,640000,8,0,6,0.84,80000.0,8,952.3809523809524,2018-05-06,5,2,6
1492,163,600000,6,0,3,4.62,100000.0,6,129.87012987012986,2018-05-06,5,2,6
1492,73,360000,3,0,1,3.06,120000.0,3,98.0392156862745,2018-05-06,5,2,6
1492,429,300000,3,0,1,2.75,100000.0,3,109.09090909090908,2018-05-06,5,2,6
1492,456,300000,5,0,2,2.56,60000.0,5,195.3125,2018-05-06,5,2,6
1492,489,300000,2,0,4,1.25,150000.0,2,160.0,2018-05-06,5,2,6
1492,518,240000,2,0,3,1.21,120000.0,2,165.28925619834712,2018-05-06,5,2,6
1492,43,240000,3,0,3,0.22,80000.0,3,1363.6363636363637,2018-05-06,5,2,6
1492,238,420000,7,0,3,1.13,60000.0,7,619.4690265486727,2018-08-04,8,3,4
1492,238,900000,15,0,3,2.43,60000.0,15,617.283950617284,2018-08-03,8,3,3
1492,312,640000,8,0,1,12.5,80000.0,8,64.0,2018-08-03,8,3,3
1492,238,420000,7,0,3,1.13,60000.0,7,619.4690265486727,2018-08-02,8,3,2
1492,238,480000,8,0,3,1.29,60000.0,8,620.1550387596899,2018-08-01,8,3,1
1492,238,540000,18,0,3,2.91,30000.0,18,618.5567010309278,2018-07-31,7,3,31
1492,238,600000,10,0,3,1.62,60000.0,10,617.283950617284,2018-07-30,7,3,30
1492,168,320000,4,0,3,1.71,80000.0,4,233.91812865497076,2018-07-30,7,3,30
1492,238,660000,11,0,3,1.78,60000.0,11,617.9775280898876,2018-07-29,7,3,29
1492,238,480000,8,0,3,1.29,60000.0,8,620.1550387596899,2018-07-28,7,3,28
1492,168,240000,3,0,3,1.28,80000.0,3,234.375,2018-07-28,7,3,28
1492,238,1320000,22,0,3,3.56,60000.0,22,617.9775280898876,2018-07-27,7,3,27
1492,238,900000,15,0,3,2.43,60000.0,15,617.283950617284,2018-07-26,7,3,26
1492,238,840000,14,0,3,2.27,60000.0,14,616.7400881057268,2018-07-25,7,3,25
1492,238,1410000,47,0,3,7.61,30000.0,47,617.6084099868593,2018-07-24,7,3,24
1492,238,900000,15,0,3,2.43,60000.0,15,617.283950617284,2018-07-23,7,3,23
1492,168,320000,4,0,3,1.71,80000.0,4,233.91812865497076,2018-07-23,7,3,23
1492,238,1200000,20,0,3,3.24,60000.0,20,617.283950617284,2018-07-22,7,3,22
1492,168,400000,5,0,3,2.14,80000.0,5,233.6448598130841,2018-07-22,7,3,22
1492,168,320000,4,0,3,1.71,80000.0,4,233.91812865497076,2018-07-20,7,3,20
1492,352,800000,10,0,1,5.68,80000.0,10,176.05633802816902,2018-07-19,7,3,19
1492,489,750000,5,0,1,20.0,150000.0,5,25.0,2018-07-19,7,3,19
1492,168,400000,5,0,3,2.14,80000.0,5,233.6448598130841,2018-07-19,7,3,19
1492,489,1200000,8,0,1,32.0,150000.0,8,25.0,2018-07-18,7,3,18
1492,489,2640000,33,0,1,82.5,80000.0,33,40.0,2018-07-17,7,3,17
1492,168,500000,10,0,3,4.27,50000.0,10,234.19203747072604,2018-07-17,7,3,17
1492,254,210000,6,0,2,1.21,35000.0,6,495.86776859504135,2018-07-17,7,3,17
1492,214,125000,5,0,1,3.47,25000.0,5,144.0922190201729,2018-07-17,7,3,17
1492,168,320000,4,0,3,1.71,80000.0,4,233.91812865497076,2018-07-16,7,3,16
1492,254,280000,4,0,2,0.81,70000.0,4,493.82716049382714,2018-07-16,7,3,16
1492,214,250000,5,0,4,0.87,50000.0,5,574.7126436781609,2018-07-16,7,3,16
1492,312,320000,4,0,1,6.25,80000.0,4,64.0,2018-08-12,8,3,12
1492,489,1500000,10,0,1,25.0,150000.0,10,40.0,2018-07-15,7,3,15
1492,168,480000,6,0,3,2.56,80000.0,6,234.375,2018-07-15,7,3,15
1492,254,140000,2,0,2,0.4,70000.0,2,500.0,2018-07-15,7,3,15
1492,489,2000000,25,0,1,62.5,80000.0,25,40.0,2018-07-14,7,3,14
1492,168,320000,4,0,3,1.71,80000.0,4,233.91812865497076,2018-07-14,7,3,14
1492,214,300000,12,0,4,2.08,25000.0,12,576.9230769230769,2018-07-14,7,3,14
1492,254,140000,2,0,2,0.4,70000.0,2,500.0,2018-07-14,7,3,14
1492,168,320000,4,0,3,1.71,80000.0,4,233.91812865497076,2018-07-13,7,3,13
1492,254,210000,3,0,2,0.61,70000.0,3,491.8032786885246,2018-07-13,7,3,13
1492,214,150000,3,0,4,0.52,50000.0,3,576.9230769230769,2018-07-13,7,3,13
1492,489,2850000,19,0,1,76.0,150000.0,19,25.0,2018-07-12,7,3,12
1492,168,320000,4,0,3,1.71,80000.0,4,233.91812865497076,2018-07-12,7,3,12
1492,254,140000,2,0,2,0.4,70000.0,2,500.0,2018-07-12,7,3,12
1492,168,480000,6,0,3,2.56,80000.0,6,234.375,2018-07-11,7,3,11
1492,214,150000,3,0,4,0.52,50000.0,3,576.9230769230769,2018-07-11,7,3,11
1492,254,140000,2,0,2,0.4,70000.0,2,500.0,2018-07-11,7,3,11
1492,489,3040000,38,0,3,50.67,80000.0,38,74.99506611407143,2018-07-10,7,3,10
1492,352,1040000,13,0,1,12.5,80000.0,13,104.0,2018-07-10,7,3,10
1492,168,500000,10,0,3,4.27,50000.0,10,234.19203747072604,2018-07-10,7,3,10
1492,254,385000,11,0,2,2.23,35000.0,11,493.27354260089686,2018-07-10,7,3,10
1492,214,150000,6,0,3,1.39,25000.0,6,431.6546762589929,2018-07-10,7,3,10
1492,489,600000,4,0,2,8.0,150000.0,4,50.0,2018-07-08,7,3,8
1492,254,420000,6,0,2,1.21,70000.0,6,495.86776859504135,2018-07-08,7,3,8
1492,254,1680000,24,0,6,1.62,70000.0,24,1481.4814814814813,2018-07-07,7,3,7
1492,489,1680000,21,0,3,28.0,80000.0,21,75.0,2018-07-07,7,3,7
1492,168,640000,8,0,3,3.42,80000.0,8,233.91812865497076,2018-07-07,7,3,7
1492,214,200000,8,0,4,1.39,25000.0,8,575.5395683453238,2018-07-07,7,3,7
1492,474,1360000,17,0,1,73.91,80000.0,17,23.000947097821676,2018-07-06,7,3,6
1492,352,1200000,15,0,1,13.89,80000.0,15,107.9913606911447,2018-07-06,7,3,6
1492,489,1140000,9,0,3,12.0,126666.66666666667,9,75.0,2018-07-06,7,3,6
1492,168,640000,8,0,3,3.42,80000.0,8,233.91812865497076,2018-07-06,7,3,6
1492,214,400000,8,0,4,1.39,50000.0,8,575.5395683453238,2018-07-06,7,3,6
1492,254,140000,2,0,6,0.13,70000.0,2,1538.4615384615383,2018-07-06,7,3,6
1492,489,2880000,22,0,3,29.33,130909.09090909091,22,75.00852369587454,2018-07-05,7,3,5
1492,254,1610000,23,0,6,1.55,70000.0,23,1483.8709677419354,2018-07-05,7,3,5
1492,214,200000,4,0,4,0.69,50000.0,4,579.7101449275364,2018-07-05,7,3,5
1492,352,80000,1,0,1,0.93,80000.0,1,107.5268817204301,2018-07-05,7,3,5
1492,254,1680000,24,0,6,1.62,70000.0,24,1481.4814814814813,2018-07-04,7,3,4
1492,214,350000,7,0,4,1.22,50000.0,7,573.7704918032787,2018-07-04,7,3,4
1492,489,300000,2,0,3,2.67,150000.0,2,74.90636704119851,2018-07-04,7,3,4
1492,489,4800000,60,0,3,80.0,80000.0,60,75.0,2018-07-03,7,3,3
1492,474,1600000,40,0,1,100.0,40000.0,40,40.0,2018-07-03,7,3,3
1492,352,960000,12,0,1,5.19,80000.0,12,231.21387283236993,2018-07-03,7,3,3
1492,445,540000,9,0,1,8.41,60000.0,9,107.0154577883472,2018-07-03,7,3,3
1492,300,440000,11,0,1,3.38,40000.0,11,325.4437869822485,2018-07-03,7,3,3
1492,254,280000,8,0,2,1.62,35000.0,8,493.82716049382714,2018-07-03,7,3,3
1492,214,250000,10,0,4,1.74,25000.0,10,574.7126436781609,2018-07-03,7,3,3
1492,489,600000,4,0,3,5.33,150000.0,4,75.046904315197,2018-07-02,7,3,2
1492,214,400000,8,0,4,1.39,50000.0,8,575.5395683453238,2018-07-02,7,3,2
1492,254,350000,5,0,2,1.01,70000.0,5,495.049504950495,2018-07-02,7,3,2
1492,362,210000,3,0,2,0.94,70000.0,3,319.1489361702128,2018-07-02,7,3,2
1492,489,1050000,7,0,3,9.33,150000.0,7,75.02679528403002,2018-07-01,7,3,1
1492,254,350000,5,0,2,1.01,70000.0,5,495.049504950495,2018-07-01,7,3,1
1492,474,320000,4,0,1,17.39,80000.0,4,23.001725129384702,2018-07-01,7,3,1
1492,362,210000,3,0,2,0.94,70000.0,3,319.1489361702128,2018-07-01,7,3,1
1492,474,880000,11,0,1,47.83,80000.0,11,22.998118335772528,2018-06-30,6,2,30
1492,362,490000,7,0,2,2.19,70000.0,7,319.63470319634706,2018-06-30,6,2,30
1492,489,480000,6,0,3,8.0,80000.0,6,75.0,2018-06-30,6,2,30
1492,324,140000,2,0,2,0.49,70000.0,2,408.16326530612247,2018-06-30,6,2,30
1492,489,2100000,14,0,3,18.67,150000.0,14,74.98660953401178,2018-06-29,6,2,29
1492,362,630000,9,0,2,2.82,70000.0,9,319.1489361702128,2018-06-29,6,2,29
1492,324,70000,1,0,2,0.24,70000.0,1,416.6666666666667,2018-06-29,6,2,29
1492,489,2100000,14,0,3,18.67,150000.0,14,74.98660953401178,2018-06-28,6,2,28
1492,445,480000,4,0,1,3.74,120000.0,4,106.951871657754,2018-06-28,6,2,28
1492,452,300000,2,0,1,2.86,150000.0,2,69.93006993006993,2018-06-28,6,2,28
1492,362,140000,2,0,2,0.63,70000.0,2,317.46031746031747,2018-06-28,6,2,28
1492,291,660000,11,0,7,0.92,60000.0,11,1195.6521739130433,2018-06-27,6,2,27
1492,479,560000,7,0,2,2.07,80000.0,7,338.1642512077295,2018-06-27,6,2,27
1492,210,480000,6,0,2,12.5,80000.0,6,48.0,2018-06-27,6,2,27
1492,452,450000,3,0,1,4.29,150000.0,3,69.93006993006993,2018-06-27,6,2,27
1492,428,350000,5,0,2,1.67,70000.0,5,299.4011976047904,2018-06-27,6,2,27
1492,277,240000,3,0,1,0.82,80000.0,3,365.8536585365854,2018-06-27,6,2,27
1492,304,8560000,107,0,1,72.79,80000.0,107,146.99821404039014,2018-06-26,6,2,26
1492,344,4320000,54,0,3,60.0,80000.0,54,90.0,2018-06-26,6,2,26
1492,489,2400000,30,0,4,30.0,80000.0,30,100.0,2018-06-26,6,2,26
1492,291,2130000,71,0,7,5.97,30000.0,71,1189.2797319933,2018-06-26,6,2,26
1492,352,2000000,25,0,1,24.04,80000.0,25,103.99334442595674,2018-06-26,6,2,26
1492,56,1280000,32,0,4,10.26,40000.0,32,311.89083820662773,2018-06-26,6,2,26
1492,210,1200000,30,0,2,62.5,40000.0,30,48.0,2018-06-26,6,2,26
1492,452,720000,9,0,1,12.86,80000.0,9,69.98444790046656,2018-06-26,6,2,26
1492,428,640000,16,0,2,5.33,40000.0,16,300.187617260788,2018-06-26,6,2,26
1492,479,560000,14,0,2,4.14,40000.0,14,338.1642512077295,2018-06-26,6,2,26
1492,253,560000,16,0,3,5.61,35000.0,16,285.204991087344,2018-06-26,6,2,26
1492,362,455000,13,0,2,4.08,35000.0,13,318.62745098039215,2018-06-26,6,2,26
1492,431,420000,7,0,2,13.46,60000.0,7,52.00594353640415,2018-06-26,6,2,26
1492,277,320000,4,0,1,1.1,80000.0,4,363.6363636363636,2018-06-26,6,2,26
1492,312,320000,4,0,1,6.25,80000.0,4,64.0,2018-08-10,8,3,10
1492,56,880000,12,0,3,5.13,73333.33333333333,12,233.91812865497076,2018-06-25,6,2,25
1492,452,600000,4,0,1,5.71,150000.0,4,70.05253940455341,2018-06-25,6,2,25
1492,253,560000,8,0,3,0.68,70000.0,8,1176.470588235294,2018-06-25,6,2,25
1492,210,480000,6,0,2,12.5,80000.0,6,48.0,2018-06-25,6,2,25
1492,428,420000,6,0,2,2.0,70000.0,6,300.0,2018-06-25,6,2,25
1492,291,360000,6,0,7,0.5,60000.0,6,1200.0,2018-06-25,6,2,25
1492,362,350000,5,0,2,1.57,70000.0,5,318.4713375796178,2018-06-25,6,2,25
1492,479,240000,3,0,1,1.78,80000.0,3,168.53932584269663,2018-06-25,6,2,25
1492,56,1800000,23,0,3,9.83,78260.86956521739,23,233.97761953204474,2018-06-24,6,2,24
1492,474,1120000,14,0,1,60.87,80000.0,14,22.999835715459177,2018-06-24,6,2,24
1492,344,900000,6,0,3,6.67,150000.0,6,89.95502248875562,2018-06-24,6,2,24
1492,253,700000,10,0,3,3.51,70000.0,10,284.90028490028493,2018-06-24,6,2,24
1492,291,600000,10,0,3,1.96,60000.0,10,510.2040816326531,2018-06-24,6,2,24
1492,431,300000,3,0,2,5.77,100000.0,3,51.99306759098788,2018-06-24,6,2,24
1492,324,140000,2,0,2,0.49,70000.0,2,408.16326530612247,2018-06-24,6,2,24
1492,243,120000,2,0,4,0.27,60000.0,2,740.7407407407406,2018-06-24,6,2,24
1492,489,1600000,20,0,4,20.0,80000.0,20,100.0,2018-06-23,6,2,23
1492,56,880000,11,0,3,4.7,80000.0,11,234.04255319148936,2018-06-23,6,2,23
1492,344,750000,5,0,3,5.56,150000.0,5,89.92805755395685,2018-06-23,6,2,23
1492,291,540000,9,0,3,1.76,60000.0,9,511.3636363636363,2018-06-23,6,2,23
1492,253,525000,15,0,3,5.26,35000.0,15,285.171102661597,2018-06-23,6,2,23
1492,210,400000,5,0,2,10.42,80000.0,5,47.98464491362764,2018-06-23,6,2,23
1492,277,240000,3,0,1,0.82,80000.0,3,365.8536585365854,2018-06-23,6,2,23
1492,479,240000,3,0,2,0.89,80000.0,3,337.07865168539325,2018-06-23,6,2,23
1492,344,3750000,26,0,3,28.89,144230.76923076922,26,89.99653859466943,2018-06-22,6,2,22
1492,352,2480000,31,0,1,29.81,80000.0,31,103.99194901039921,2018-06-22,6,2,22
1492,489,2100000,14,0,3,18.67,150000.0,14,74.98660953401178,2018-06-22,6,2,22
1492,56,1160000,27,0,3,11.54,42962.96296296296,27,233.96880415944543,2018-06-22,6,2,22
1492,428,1120000,16,0,2,5.33,70000.0,16,300.187617260788,2018-06-22,6,2,22
1492,431,1000000,10,0,2,19.23,100000.0,10,52.002080083203325,2018-06-22,6,2,22
1492,474,960000,12,0,1,52.17,80000.0,12,23.001725129384702,2018-06-22,6,2,22
1492,210,800000,10,0,2,20.83,80000.0,10,48.007681228996645,2018-06-22,6,2,22
1492,243,660000,11,0,2,2.94,60000.0,11,374.1496598639456,2018-06-22,6,2,22
1492,277,640000,8,0,1,2.19,80000.0,8,365.29680365296804,2018-06-22,6,2,22
1492,291,540000,9,0,3,1.76,60000.0,9,511.3636363636363,2018-06-22,6,2,22
1492,479,320000,4,0,2,1.18,80000.0,4,338.98305084745766,2018-06-22,6,2,22
1492,253,280000,4,0,3,1.4,70000.0,4,285.7142857142857,2018-06-22,6,2,22
1492,452,150000,1,0,1,1.43,150000.0,1,69.93006993006993,2018-06-22,6,2,22
1492,344,4650000,31,0,3,34.44,150000.0,31,90.01161440185831,2018-06-21,6,2,21
1492,489,2400000,16,2,3,21.33,150000.0,14,75.01172058134084,2018-06-21,6,2,21
1492,452,1350000,9,0,1,12.86,150000.0,9,69.98444790046656,2018-06-21,6,2,21
1492,56,1280000,16,0,4,5.13,80000.0,16,311.89083820662773,2018-06-21,6,2,21
1492,210,960000,12,0,2,25.0,80000.0,12,48.0,2018-06-21,6,2,21
1492,428,840000,12,0,2,4.0,70000.0,12,300.0,2018-06-21,6,2,21
1492,431,800000,8,0,2,15.38,100000.0,8,52.01560468140441,2018-06-21,6,2,21
1492,352,800000,10,0,1,9.62,80000.0,10,103.95010395010395,2018-06-21,6,2,21
1492,291,540000,9,0,3,1.76,60000.0,9,511.3636363636363,2018-06-21,6,2,21
1492,253,420000,6,0,3,2.11,70000.0,6,284.3601895734597,2018-06-21,6,2,21
1492,277,400000,5,0,1,1.37,80000.0,5,364.963503649635,2018-06-21,6,2,21
1492,479,320000,4,0,2,1.18,80000.0,4,338.98305084745766,2018-06-21,6,2,21
1492,39,200000,2,0,3,0.39,100000.0,2,512.8205128205128,2018-06-21,6,2,21
1492,56,1640000,24,0,3,10.26,68333.33333333333,24,233.91812865497076,2018-06-20,6,2,20
1492,243,960000,16,0,4,2.14,60000.0,16,747.6635514018692,2018-06-20,6,2,20
1492,310,910000,13,0,3,0.96,70000.0,13,1354.1666666666667,2018-06-20,6,2,20
1492,201,770000,11,0,2,1.74,70000.0,11,632.183908045977,2018-06-20,6,2,20
1492,210,640000,8,0,2,16.67,80000.0,8,47.99040191961607,2018-06-20,6,2,20
1492,253,420000,6,0,3,2.11,70000.0,6,284.3601895734597,2018-06-20,6,2,20
1492,300,160000,2,0,1,0.62,80000.0,2,322.58064516129036,2018-06-20,6,2,20
1492,479,80000,1,0,1,0.59,80000.0,1,169.49152542372883,2018-06-20,6,2,20
1492,324,70000,1,0,2,0.24,70000.0,1,416.6666666666667,2018-06-20,6,2,20
1492,304,6720000,84,0,1,57.14,80000.0,84,147.00735036751837,2018-06-19,6,2,19
1492,489,4320000,54,0,4,35.76,80000.0,54,151.006711409396,2018-06-19,6,2,19
1492,344,2800000,36,0,4,30.0,77777.77777777778,36,120.0,2018-06-19,6,2,19
1492,450,2400000,30,0,1,28.3,80000.0,30,106.00706713780919,2018-06-19,6,2,19
1492,352,2080000,26,0,2,12.5,80000.0,26,208.0,2018-06-19,6,2,19
1492,243,1680000,56,0,4,7.49,30000.0,56,747.6635514018692,2018-06-19,6,2,19
1492,201,1520000,38,0,2,5.99,40000.0,38,634.3906510851418,2018-06-19,6,2,19
1492,56,1440000,36,0,4,11.54,40000.0,36,311.95840554592723,2018-06-19,6,2,19
1492,210,1200000,30,0,2,62.5,40000.0,30,48.0,2018-06-19,6,2,19
1492,310,1190000,17,0,3,1.26,70000.0,17,1349.2063492063492,2018-06-19,6,2,19
1492,522,800000,10,0,1,11.63,80000.0,10,85.98452278589853,2018-06-19,6,2,19
1492,300,600000,15,0,2,2.31,40000.0,15,649.3506493506493,2018-06-19,6,2,19
1492,253,560000,16,0,6,2.81,35000.0,16,569.3950177935943,2018-06-19,6,2,19
1492,457,525000,21,0,1,6.77,25000.0,21,310.192023633678,2018-06-19,6,2,19
1492,39,500000,10,0,3,1.94,50000.0,10,515.4639175257732,2018-06-19,6,2,19
1492,479,480000,12,0,2,3.55,40000.0,12,338.02816901408454,2018-06-19,6,2,19
1492,452,400000,5,0,1,7.14,80000.0,5,70.0280112044818,2018-06-19,6,2,19
1492,277,400000,5,0,1,1.37,80000.0,5,364.963503649635,2018-06-19,6,2,19
1492,324,200000,5,0,2,1.21,40000.0,5,413.2231404958678,2018-06-19,6,2,19
1492,56,1840000,23,0,3,9.83,80000.0,23,233.97761953204474,2018-06-18,6,2,18
1492,344,1500000,12,0,5,8.0,125000.0,12,150.0,2018-06-18,6,2,18
1492,210,1280000,16,0,2,33.33,80000.0,16,48.00480048004801,2018-06-18,6,2,18
1492,201,910000,13,0,2,2.05,70000.0,13,634.1463414634146,2018-06-18,6,2,18
1492,310,700000,10,0,3,0.74,70000.0,10,1351.3513513513515,2018-06-18,6,2,18
1492,253,630000,9,0,6,0.38,70000.0,9,2368.4210526315787,2018-06-18,6,2,18
1492,243,480000,8,0,4,1.07,60000.0,8,747.6635514018692,2018-06-18,6,2,18
1492,300,320000,4,0,2,0.62,80000.0,4,645.1612903225807,2018-06-18,6,2,18
1492,522,300000,2,0,1,2.33,150000.0,2,85.83690987124464,2018-06-18,6,2,18
1492,450,150000,1,0,1,0.94,150000.0,1,106.38297872340425,2018-06-18,6,2,18
1492,344,2400000,16,0,6,8.89,150000.0,16,179.97750281214846,2018-06-17,6,2,17
1492,201,1750000,25,0,2,3.94,70000.0,25,634.5177664974619,2018-06-17,6,2,17
1492,310,1610000,23,0,3,1.7,70000.0,23,1352.9411764705883,2018-06-17,6,2,17
1492,243,720000,12,0,4,1.6,60000.0,12,750.0,2018-06-17,6,2,17
1492,300,640000,8,0,2,1.23,80000.0,8,650.4065040650406,2018-06-17,6,2,17
1492,489,600000,4,0,3,3.17,150000.0,4,126.18296529968454,2018-06-17,6,2,17
1492,253,490000,7,0,6,0.3,70000.0,7,2333.3333333333335,2018-06-17,6,2,17
1492,56,480000,6,0,3,2.56,80000.0,6,234.375,2018-06-17,6,2,17
1492,210,320000,4,0,2,8.33,80000.0,4,48.019207683073226,2018-06-17,6,2,17
1492,479,320000,4,0,2,1.18,80000.0,4,338.98305084745766,2018-06-17,6,2,17
1492,324,210000,3,0,3,0.49,70000.0,3,612.2448979591836,2018-06-17,6,2,17
1492,489,4200000,28,0,3,22.22,150000.0,28,126.01260126012602,2018-06-16,6,2,16
1492,344,3900000,27,0,4,22.5,144444.44444444444,27,120.0,2018-06-16,6,2,16
1492,39,1500000,15,0,3,2.91,100000.0,15,515.4639175257731,2018-06-16,6,2,16
1492,352,1350000,9,0,1,8.65,150000.0,9,104.04624277456647,2018-06-16,6,2,16
1492,450,1050000,7,0,1,6.6,150000.0,7,106.06060606060606,2018-06-16,6,2,16
1492,56,960000,12,0,3,5.13,80000.0,12,233.91812865497076,2018-06-16,6,2,16
1492,522,900000,6,0,1,6.98,150000.0,6,85.95988538681948,2018-06-16,6,2,16
1492,210,720000,9,0,2,18.75,80000.0,9,48.0,2018-06-16,6,2,16
1492,310,700000,10,0,3,0.74,70000.0,10,1351.3513513513515,2018-06-16,6,2,16
1492,253,630000,9,0,6,0.38,70000.0,9,2368.4210526315787,2018-06-16,6,2,16
1492,452,600000,4,0,1,5.71,150000.0,4,70.05253940455341,2018-06-16,6,2,16
1492,300,480000,6,0,2,0.92,80000.0,6,652.1739130434783,2018-06-16,6,2,16
1492,324,280000,4,0,3,0.65,70000.0,4,615.3846153846154,2018-06-16,6,2,16
1492,479,240000,3,0,2,0.89,80000.0,3,337.07865168539325,2018-06-16,6,2,16
1492,201,210000,3,0,2,0.47,70000.0,3,638.2978723404256,2018-06-16,6,2,16
1492,243,120000,2,0,4,0.27,60000.0,2,740.7407407407406,2018-06-16,6,2,16
1492,344,2250000,15,0,4,12.5,150000.0,15,120.0,2018-06-15,6,2,15
1492,489,1650000,11,0,3,8.73,150000.0,11,126.00229095074455,2018-06-15,6,2,15
1492,352,1240000,12,0,3,3.7,103333.33333333333,12,324.3243243243243,2018-06-15,6,2,15
1492,56,720000,9,0,4,2.88,80000.0,9,312.5,2018-06-15,6,2,15
1492,253,700000,10,0,4,0.63,70000.0,10,1587.3015873015875,2018-06-15,6,2,15
1492,310,700000,10,0,3,0.74,70000.0,10,1351.3513513513515,2018-06-15,6,2,15
1492,452,600000,4,0,1,5.71,150000.0,4,70.05253940455341,2018-06-15,6,2,15
1492,201,420000,6,0,2,0.95,70000.0,6,631.578947368421,2018-06-15,6,2,15
1492,300,400000,5,0,1,1.54,80000.0,5,324.67532467532465,2018-06-15,6,2,15
1492,304,300000,5,0,1,3.4,60000.0,5,147.05882352941177,2018-06-15,6,2,15
1492,243,300000,5,0,2,1.34,60000.0,5,373.1343283582089,2018-06-15,6,2,15
1492,457,300000,6,0,1,1.94,50000.0,6,309.27835051546396,2018-06-15,6,2,15
1492,304,7500000,50,0,1,34.01,150000.0,50,147.0155836518671,2018-06-14,6,2,14
1492,489,4320000,47,0,3,37.3,91914.89361702128,47,126.00536193029492,2018-06-14,6,2,14
1492,344,3350000,27,0,4,22.5,124074.07407407407,27,120.0,2018-06-14,6,2,14
1492,352,1800000,12,0,1,11.54,150000.0,12,103.98613518197575,2018-06-14,6,2,14
1492,39,1500000,30,0,3,5.81,50000.0,30,516.3511187607573,2018-06-14,6,2,14
1492,56,1480000,37,0,4,11.86,40000.0,37,311.9730185497471,2018-06-14,6,2,14
1492,201,1470000,21,0,2,3.31,70000.0,21,634.441087613293,2018-06-14,6,2,14
1492,450,1280000,16,0,1,15.09,80000.0,16,106.03048376408218,2018-06-14,6,2,14
1492,452,1280000,16,0,1,22.86,80000.0,16,69.9912510936133,2018-06-14,6,2,14
1492,310,840000,12,0,3,0.89,70000.0,12,1348.314606741573,2018-06-14,6,2,14
1492,253,805000,20,0,5,1.01,40250.0,20,1980.19801980198,2018-06-14,6,2,14
1492,457,630000,21,0,5,1.35,30000.0,21,1555.5555555555554,2018-06-14,6,2,14
1492,479,160000,2,0,2,0.59,80000.0,2,338.98305084745766,2018-06-14,6,2,14
1492,243,60000,2,0,2,0.53,30000.0,2,377.3584905660377,2018-06-14,6,2,14
1492,310,1820000,26,0,3,1.93,70000.0,26,1347.1502590673574,2018-06-13,6,2,13
1492,56,1760000,40,0,3,17.09,44000.0,40,234.05500292568755,2018-06-13,6,2,13
1492,344,1640000,17,0,2,5.8,96470.58823529411,17,293.1034482758621,2018-06-13,6,2,13
1492,352,1520000,19,3,1,18.27,80000.0,16,103.99562123700055,2018-06-13,6,2,13
1492,39,1450000,27,0,3,5.23,53703.7037037037,27,516.2523900573614,2018-06-13,6,2,13
1492,489,1240000,12,0,3,9.52,103333.33333333333,12,126.05042016806722,2018-06-13,6,2,13
1492,201,1190000,17,0,2,2.68,70000.0,17,634.3283582089553,2018-06-13,6,2,13
1492,450,1120000,14,0,1,13.21,80000.0,14,105.98031794095381,2018-06-13,6,2,13
1492,243,1050000,35,0,4,4.68,30000.0,35,747.8632478632479,2018-06-13,6,2,13
1492,452,800000,10,0,1,14.29,80000.0,10,69.97900629811056,2018-06-13,6,2,13
1492,457,720000,24,0,3,2.58,30000.0,24,930.232558139535,2018-06-13,6,2,13
1492,191,600000,12,0,3,0.76,50000.0,12,1578.9473684210525,2018-06-13,6,2,13
1492,253,560000,16,0,4,4.21,35000.0,16,380.0475059382423,2018-06-13,6,2,13
1492,532,350000,5,0,1,1.67,70000.0,5,299.4011976047904,2018-06-13,6,2,13
1492,167,220000,4,0,6,0.18,55000.0,4,2222.222222222222,2018-06-13,6,2,13
1492,479,160000,2,0,2,0.59,80000.0,2,338.98305084745766,2018-06-13,6,2,13
1492,324,140000,2,0,3,0.32,70000.0,2,625.0,2018-06-13,6,2,13
1492,43,80000,2,0,3,0.26,40000.0,2,769.2307692307692,2018-06-13,6,2,13
1492,448,6400000,80,0,1,42.11,80000.0,80,189.978627404417,2018-06-12,6,2,12
1492,344,6400000,80,0,3,24.77,80000.0,80,322.9713362939039,2018-06-12,6,2,12
1492,489,5600000,70,0,5,29.41,80000.0,70,238.0142808568514,2018-06-12,6,2,12
1492,304,5360000,67,0,3,15.19,80000.0,67,441.0796576695194,2018-06-12,6,2,12
1492,352,3600000,45,0,4,6.55,80000.0,45,687.0229007633588,2018-06-12,6,2,12
1492,39,3300000,66,0,3,12.79,50000.0,66,516.0281469898359,2018-06-12,6,2,12
1492,56,3120000,78,0,5,20.0,40000.0,78,390.0,2018-06-12,6,2,12
1492,163,2760000,46,0,3,35.38,60000.0,46,130.01695873374788,2018-06-12,6,2,12
1492,479,2600000,65,0,2,19.23,40000.0,65,338.0135205408216,2018-06-12,6,2,12
1492,529,2520000,42,0,3,29.17,60000.0,42,143.98354473774424,2018-06-12,6,2,12
1492,474,1520000,38,0,2,82.61,40000.0,38,45.99927369567849,2018-06-12,6,2,12
1492,210,1520000,38,0,2,79.17,40000.0,38,47.99797903246179,2018-06-12,6,2,12
1492,524,1440000,18,0,1,78.26,80000.0,18,23.000255558395093,2018-06-12,6,2,12
1492,522,1280000,16,0,1,15.38,80000.0,16,104.03120936280882,2018-06-12,6,2,12
1492,266,1280000,16,0,3,3.31,80000.0,16,483.3836858006042,2018-06-12,6,2,12
1492,201,1280000,32,0,2,5.05,40000.0,32,633.6633663366337,2018-06-12,6,2,12
1492,310,1120000,16,0,3,1.19,70000.0,16,1344.5378151260504,2018-06-12,6,2,12
1492,450,1120000,14,0,1,13.21,80000.0,14,105.98031794095381,2018-06-12,6,2,12
1492,204,1015000,29,0,8,1.18,35000.0,29,2457.6271186440677,2018-06-12,6,2,12
1492,167,1000000,25,0,6,1.11,40000.0,25,2252.252252252252,2018-06-12,6,2,12
1492,452,960000,12,0,1,17.14,80000.0,12,70.01166861143524,2018-06-12,6,2,12
1492,191,900000,30,0,3,1.9,30000.0,30,1578.9473684210527,2018-06-12,6,2,12
1492,253,490000,14,0,3,4.91,35000.0,14,285.132382892057,2018-06-12,6,2,12
1492,43,480000,12,0,3,0.88,40000.0,12,1363.6363636363637,2018-06-12,6,2,12
1492,380,450000,9,0,1,12.86,50000.0,9,69.98444790046656,2018-06-12,6,2,12
1492,243,390000,13,0,2,3.48,30000.0,13,373.5632183908046,2018-06-12,6,2,12
1492,169,350000,7,0,2,3.38,50000.0,7,207.10059171597632,2018-06-12,6,2,12
1492,457,325000,13,0,3,1.4,25000.0,13,928.5714285714287,2018-06-12,6,2,12
1492,162,150000,5,0,1,4.35,30000.0,5,114.9425287356322,2018-06-12,6,2,12
1492,532,140000,4,0,1,1.34,35000.0,4,298.5074626865671,2018-06-12,6,2,12
1492,324,80000,2,0,3,0.32,40000.0,2,625.0,2018-06-12,6,2,12
1492,448,3600000,24,0,1,12.63,150000.0,24,190.02375296912112,2018-06-11,6,2,11
1492,489,2880000,36,0,3,28.57,80000.0,36,126.00630031501574,2018-06-11,6,2,11
1492,304,2880000,36,0,3,8.16,80000.0,36,441.1764705882353,2018-06-11,6,2,11
1492,163,2280000,23,0,3,17.69,99130.43478260869,23,130.01695873374788,2018-06-11,6,2,11
1492,56,1360000,31,0,4,9.94,43870.967741935485,31,311.87122736418513,2018-06-11,6,2,11
1492,210,1200000,15,0,2,31.25,80000.0,15,48.0,2018-06-11,6,2,11
1492,352,1200000,15,0,3,2.57,80000.0,15,583.6575875486382,2018-06-11,6,2,11
1492,201,1190000,17,0,2,2.68,70000.0,17,634.3283582089553,2018-06-11,6,2,11
1492,310,1120000,16,0,3,1.19,70000.0,16,1344.5378151260504,2018-06-11,6,2,11
1492,39,900000,18,0,3,3.49,50000.0,18,515.7593123209168,2018-06-11,6,2,11
1492,450,800000,12,0,1,11.32,66666.66666666667,12,106.00706713780919,2018-06-11,6,2,11
1492,191,700000,14,0,3,0.89,50000.0,14,1573.0337078651685,2018-06-11,6,2,11
1492,479,640000,10,0,3,1.97,64000.0,10,507.61421319796955,2018-06-11,6,2,11
1492,524,600000,4,0,1,17.39,150000.0,4,23.001725129384702,2018-06-11,6,2,11
1492,204,560000,8,0,8,0.33,70000.0,8,2424.242424242424,2018-06-11,6,2,11
1492,324,490000,7,0,3,1.13,70000.0,7,619.4690265486727,2018-06-11,6,2,11
1492,344,450000,5,0,1,1.9,90000.0,5,263.15789473684214,2018-06-11,6,2,11
1492,167,440000,8,0,6,0.36,55000.0,8,2222.222222222222,2018-06-11,6,2,11
1492,43,320000,8,0,3,0.59,40000.0,8,1355.9322033898306,2018-06-11,6,2,11
1492,522,300000,2,0,1,1.92,150000.0,2,104.16666666666667,2018-06-11,6,2,11
1492,532,280000,4,0,1,1.34,70000.0,4,298.5074626865671,2018-06-11,6,2,11
1492,457,180000,6,0,3,0.65,30000.0,6,923.076923076923,2018-06-11,6,2,11
1492,344,4960000,48,0,3,14.86,103333.33333333333,48,323.01480484522205,2018-06-10,6,2,10
1492,352,2800000,35,0,4,5.09,80000.0,35,687.62278978389,2018-06-10,6,2,10
1492,163,2760000,27,0,3,20.77,102222.22222222222,27,129.99518536350504,2018-06-10,6,2,10
1492,304,2320000,29,0,3,6.58,80000.0,29,440.7294832826747,2018-06-10,6,2,10
1492,450,2160000,27,0,1,25.47,80000.0,27,106.00706713780919,2018-06-10,6,2,10
1492,489,2160000,20,0,3,15.87,108000.0,20,126.02394454946439,2018-06-10,6,2,10
1492,56,1600000,40,0,4,12.82,40000.0,40,312.01248049922,2018-06-10,6,2,10
1492,39,1450000,27,0,3,5.23,53703.7037037037,27,516.2523900573614,2018-06-10,6,2,10
1492,522,1200000,8,0,1,7.69,150000.0,8,104.03120936280882,2018-06-10,6,2,10
1492,532,910000,13,0,1,4.35,70000.0,13,298.8505747126437,2018-06-10,6,2,10
1492,204,770000,11,0,8,0.45,70000.0,11,2444.4444444444443,2018-06-10,6,2,10
1492,201,700000,10,0,2,1.58,70000.0,10,632.9113924050633,2018-06-10,6,2,10
1492,479,640000,9,0,2,2.66,71111.11111111111,9,338.3458646616541,2018-06-10,6,2,10
1492,380,550000,11,0,1,15.71,50000.0,11,70.01909611712284,2018-06-10,6,2,10
1492,167,540000,9,0,6,0.4,60000.0,9,2250.0,2018-06-10,6,2,10
1492,474,480000,6,0,1,26.09,80000.0,6,22.997316979685703,2018-06-10,6,2,10
1492,524,450000,3,0,1,13.04,150000.0,3,23.006134969325153,2018-06-10,6,2,10
1492,191,400000,8,0,3,0.51,50000.0,8,1568.627450980392,2018-06-10,6,2,10
1492,448,300000,2,0,1,1.05,150000.0,2,190.47619047619045,2018-06-10,6,2,10
1492,529,180000,3,0,2,3.19,60000.0,3,94.04388714733543,2018-06-10,6,2,10
1492,43,160000,4,0,3,0.29,40000.0,4,1379.3103448275863,2018-06-10,6,2,10
1492,457,150000,5,0,3,0.54,30000.0,5,925.925925925926,2018-06-10,6,2,10
1492,162,120000,2,0,1,1.74,60000.0,2,114.94252873563218,2018-06-10,6,2,10
1492,210,80000,1,0,2,2.08,80000.0,1,48.07692307692307,2018-06-10,6,2,10
1492,489,5680000,71,3,5,29.83,80000.0,68,238.0154207173986,2018-06-09,6,2,9
1492,448,2400000,16,0,1,8.42,150000.0,16,190.02375296912115,2018-06-09,6,2,9
1492,56,2280000,52,0,4,16.67,43846.153846153844,52,311.9376124775045,2018-06-09,6,2,9
1492,304,2160000,27,0,3,6.12,80000.0,27,441.1764705882353,2018-06-09,6,2,9
1492,352,2160000,27,0,4,3.93,80000.0,27,687.0229007633587,2018-06-09,6,2,9
1492,344,2100000,21,0,3,6.5,100000.0,21,323.0769230769231,2018-06-09,6,2,9
1492,39,1600000,27,0,3,5.23,59259.25925925926,27,516.2523900573614,2018-06-09,6,2,9
1492,201,1540000,22,0,2,3.47,70000.0,22,634.0057636887607,2018-06-09,6,2,9
1492,191,1200000,24,0,3,1.52,50000.0,24,1578.9473684210525,2018-06-09,6,2,9
1492,450,1200000,15,0,1,14.15,80000.0,15,106.00706713780919,2018-06-09,6,2,9
1492,522,1040000,13,0,1,12.5,80000.0,13,104.0,2018-06-09,6,2,9
1492,210,960000,12,0,2,25.0,80000.0,12,48.0,2018-06-09,6,2,9
1492,524,800000,10,0,1,43.48,80000.0,10,22.99908003679853,2018-06-09,6,2,9
1492,167,700000,13,0,6,0.58,53846.153846153844,13,2241.379310344828,2018-06-09,6,2,9
1492,163,420000,5,0,2,5.56,84000.0,5,89.92805755395685,2018-06-09,6,2,9
1492,162,360000,6,0,1,5.22,60000.0,6,114.9425287356322,2018-06-09,6,2,9
1492,43,280000,7,0,3,0.51,40000.0,7,1372.549019607843,2018-06-09,6,2,9
1492,169,250000,5,0,2,2.42,50000.0,5,206.6115702479339,2018-06-09,6,2,9
1492,204,210000,3,0,8,0.12,70000.0,3,2500.0,2018-06-09,6,2,9
1492,448,6900000,46,0,1,24.21,150000.0,46,190.0041305245766,2018-06-08,6,2,8
1492,304,6190000,59,0,2,20.07,104915.25423728813,59,293.97110114598905,2018-06-08,6,2,8
1492,450,5120000,66,3,1,62.26,77575.75757575757,63,106.00706713780919,2018-06-08,6,2,8
1492,344,4830000,49,0,3,14.98,98571.42857142857,49,327.10280373831773,2018-06-08,6,2,8
1492,489,4180000,48,0,3,38.1,87083.33333333333,48,125.98425196850394,2018-06-08,6,2,8
1492,522,3000000,20,0,1,19.23,150000.0,20,104.00416016640665,2018-06-08,6,2,8
1492,163,3000000,29,0,3,22.31,103448.27586206897,29,129.986553115195,2018-06-08,6,2,8
1492,529,2760000,33,0,2,35.11,83636.36363636363,33,93.99031614924523,2018-06-08,6,2,8
1492,524,2100000,14,0,1,60.87,150000.0,14,22.999835715459177,2018-06-08,6,2,8
1492,56,1840000,41,0,4,13.14,44878.04878048781,41,312.0243531202435,2018-06-08,6,2,8
1492,352,1840000,24,0,3,4.7,76666.66666666667,24,510.6382978723404,2018-06-08,6,2,8
1492,39,1100000,22,0,2,6.4,50000.0,22,343.75,2018-06-08,6,2,8
1492,210,1040000,13,0,2,27.08,80000.0,13,48.005908419497786,2018-06-08,6,2,8
1492,201,910000,13,0,2,2.05,70000.0,13,634.1463414634146,2018-06-08,6,2,8
1492,191,900000,18,0,3,1.14,50000.0,18,1578.9473684210527,2018-06-08,6,2,8
1492,43,680000,17,0,2,1.87,40000.0,17,909.090909090909,2018-06-08,6,2,8
1492,266,560000,7,0,2,2.19,80000.0,7,319.63470319634706,2018-06-08,6,2,8
1492,169,550000,11,0,2,5.31,50000.0,11,207.15630885122414,2018-06-08,6,2,8
1492,204,490000,7,0,8,0.28,70000.0,7,2499.9999999999995,2018-06-08,6,2,8
1492,167,390000,6,0,6,0.27,65000.0,6,2222.222222222222,2018-06-08,6,2,8
1492,380,250000,5,0,1,7.14,50000.0,5,70.0280112044818,2018-06-08,6,2,8
1492,457,120000,4,0,3,0.43,30000.0,4,930.232558139535,2018-06-08,6,2,8
1492,448,10650000,71,0,1,37.37,150000.0,71,189.99197217019002,2018-06-07,6,2,7
1492,304,9030000,77,0,3,17.46,117272.72727272728,77,441.0080183276059,2018-06-07,6,2,7
1492,489,6730000,71,0,3,56.35,94788.73239436619,71,125.99822537710736,2018-06-07,6,2,7
1492,344,4620000,49,0,2,16.72,94285.71428571429,49,293.06220095693783,2018-06-07,6,2,7
1492,352,4210000,43,0,4,6.99,97906.97674418605,43,615.1645207439199,2018-06-07,6,2,7
1492,450,2880000,38,0,1,35.85,75789.47368421052,38,105.99721059972104,2018-06-07,6,2,7
1492,56,1280000,32,0,4,10.26,40000.0,32,311.89083820662773,2018-06-07,6,2,7
1492,39,1100000,22,0,3,4.26,50000.0,22,516.4319248826291,2018-06-07,6,2,7
1492,191,900000,18,0,3,1.14,50000.0,18,1578.9473684210527,2018-06-07,6,2,7
1492,266,880000,11,0,3,2.28,80000.0,11,482.4561403508772,2018-06-07,6,2,7
1492,204,770000,11,0,8,0.45,70000.0,11,2444.4444444444443,2018-06-07,6,2,7
1492,532,700000,10,0,1,3.34,70000.0,10,299.4011976047904,2018-06-07,6,2,7
1492,167,690000,12,0,6,0.53,57500.0,12,2264.1509433962265,2018-06-07,6,2,7
1492,201,630000,9,0,2,1.42,70000.0,9,633.8028169014085,2018-06-07,6,2,7
1492,474,560000,14,0,1,60.87,40000.0,14,22.999835715459177,2018-06-07,6,2,7
1492,169,500000,10,0,2,4.83,50000.0,10,207.0393374741201,2018-06-07,6,2,7
1492,210,240000,3,0,2,6.25,80000.0,3,48.0,2018-06-07,6,2,7
1492,163,240000,4,0,1,8.89,60000.0,4,44.994375703037115,2018-06-07,6,2,7
1492,506,240000,6,0,1,1.5,40000.0,6,400.0,2018-06-07,6,2,7
1492,43,80000,2,0,3,0.15,40000.0,2,1333.3333333333335,2018-06-07,6,2,7
1492,56,2440000,61,0,3,26.07,40000.0,61,233.98542385884156,2018-06-03,6,2,3
1492,344,1600000,20,0,1,66.67,80000.0,20,29.998500074996247,2018-06-03,6,2,3
1492,266,1280000,16,0,3,3.31,80000.0,16,483.3836858006042,2018-06-03,6,2,3
1492,163,840000,14,0,1,31.11,60000.0,14,45.001607200257155,2018-06-03,6,2,3
1492,191,750000,15,0,3,0.95,50000.0,15,1578.9473684210527,2018-06-03,6,2,3
1492,537,500000,10,0,1,4.26,50000.0,10,234.7417840375587,2018-06-03,6,2,3
1492,529,360000,6,0,1,12.77,60000.0,6,46.985121378230225,2018-06-03,6,2,3
1492,43,320000,8,0,3,0.68,40000.0,8,1176.470588235294,2018-06-03,6,2,3
1492,201,140000,2,0,1,0.63,70000.0,2,317.46031746031747,2018-06-03,6,2,3
1492,204,140000,2,0,2,0.33,70000.0,2,606.060606060606,2018-06-03,6,2,3
1492,304,5460000,56,0,3,12.7,97500.0,56,440.9448818897638,2018-06-02,6,2,2
1492,344,4390000,48,0,3,14.72,91458.33333333333,48,326.0869565217391,2018-06-02,6,2,2
1492,489,3760000,47,0,3,37.3,80000.0,47,126.00536193029492,2018-06-02,6,2,2
1492,352,3200000,40,0,4,6.5,80000.0,40,615.3846153846155,2018-06-02,6,2,2
1492,163,2580000,29,0,3,22.31,88965.5172413793,29,129.986553115195,2018-06-02,6,2,2
1492,513,2460000,41,0,1,16.53,60000.0,41,248.03387779794312,2018-06-02,6,2,2
1492,210,1520000,19,0,2,39.58,80000.0,19,48.00404244567964,2018-06-02,6,2,2
1492,529,1320000,16,2,2,17.02,82500.0,14,94.00705052878966,2018-06-02,6,2,2
1492,56,1200000,28,0,4,8.97,42857.142857142855,28,312.1516164994426,2018-06-02,6,2,2
1492,169,1000000,10,0,2,4.83,100000.0,10,207.0393374741201,2018-06-02,6,2,2
1492,201,980000,14,0,2,2.21,70000.0,14,633.4841628959276,2018-06-02,6,2,2
1492,191,800000,16,0,3,1.01,50000.0,16,1584.1584158415842,2018-06-02,6,2,2
1492,524,800000,10,0,1,43.48,80000.0,10,22.99908003679853,2018-06-02,6,2,2
1492,474,800000,20,0,1,86.96,40000.0,20,22.99908003679853,2018-06-02,6,2,2
1492,204,700000,10,0,8,0.41,70000.0,10,2439.0243902439024,2018-06-02,6,2,2
1492,537,650000,13,0,1,5.53,50000.0,13,235.08137432188065,2018-06-02,6,2,2
1492,467,600000,12,0,2,1.5,50000.0,12,800.0,2018-06-02,6,2,2
1492,266,560000,7,0,3,1.45,80000.0,7,482.7586206896552,2018-06-02,6,2,2
1492,450,560000,7,0,1,6.6,80000.0,7,106.06060606060606,2018-06-02,6,2,2
1492,532,385000,11,0,1,3.68,35000.0,11,298.9130434782608,2018-06-02,6,2,2
1492,43,320000,8,0,3,0.59,40000.0,8,1355.9322033898306,2018-06-02,6,2,2
1492,304,14570000,134,0,3,30.39,108731.34328358209,134,440.93451793353074,2018-06-01,6,2,1
1492,344,11990000,128,0,3,39.26,93671.875,128,326.03158430973,2018-06-01,6,2,1
1492,489,8490000,79,0,3,62.7,107468.35443037975,79,125.99681020733651,2018-06-01,6,2,1
1492,448,8100000,54,0,1,28.42,150000.0,54,190.00703729767767,2018-06-01,6,2,1
1492,169,4600000,46,0,2,22.22,100000.0,46,207.02070207020702,2018-06-01,6,2,1
1492,352,4500000,37,0,4,6.02,121621.62162162163,37,614.6179401993356,2018-06-01,6,2,1
1492,56,2280000,57,0,3,24.36,40000.0,57,233.99014778325125,2018-06-01,6,2,1
1492,163,2280000,29,0,3,22.31,78620.68965517242,29,129.986553115195,2018-06-01,6,2,1
1492,43,1320000,33,0,3,2.83,40000.0,33,1166.077738515901,2018-06-01,6,2,1
1492,191,1300000,26,0,3,1.65,50000.0,26,1575.7575757575758,2018-06-01,6,2,1
1492,201,1260000,18,0,2,2.84,70000.0,18,633.8028169014085,2018-06-01,6,2,1
1492,524,1200000,8,0,1,34.78,150000.0,8,23.001725129384702,2018-06-01,6,2,1
1492,467,950000,19,0,2,2.38,50000.0,19,798.3193277310925,2018-06-01,6,2,1
1492,204,840000,12,0,8,0.49,70000.0,12,2448.9795918367345,2018-06-01,6,2,1
1492,162,660000,11,0,1,9.57,60000.0,11,114.94252873563218,2018-06-01,6,2,1
1492,210,480000,6,0,2,12.5,80000.0,6,48.0,2018-06-01,6,2,1
1492,529,360000,3,0,2,3.19,120000.0,3,94.04388714733543,2018-06-01,6,2,1
1492,537,300000,6,0,1,2.55,50000.0,6,235.29411764705884,2018-06-01,6,2,1
1492,266,160000,2,0,3,0.41,80000.0,2,487.8048780487805,2018-06-01,6,2,1
1492,457,150000,5,0,3,0.54,30000.0,5,925.925925925926,2018-06-01,6,2,1
1492,304,10910000,97,0,3,22.0,112474.22680412371,97,440.90909090909093,2018-05-31,5,2,31
1492,448,10350000,69,0,1,36.32,150000.0,69,189.97797356828195,2018-05-31,5,2,31
1492,344,8380000,82,0,3,25.15,102195.12195121951,82,326.0437375745527,2018-05-31,5,2,31
1492,163,4920000,47,0,3,36.15,104680.85106382979,47,130.01383125864453,2018-05-31,5,2,31
1492,489,3780000,42,0,3,33.33,90000.0,42,126.01260126012602,2018-05-31,5,2,31
1492,450,2960000,37,0,1,34.91,80000.0,37,105.98682325981095,2018-05-31,5,2,31
1492,56,2400000,54,0,4,17.31,44444.444444444445,54,311.95840554592723,2018-05-31,5,2,31
1492,524,2400000,16,0,1,69.57,150000.0,16,22.998418858703467,2018-05-31,5,2,31
1492,474,1760000,22,0,1,95.65,80000.0,22,23.000522739153162,2018-05-31,5,2,31
1492,210,1680000,21,0,2,43.75,80000.0,21,48.0,2018-05-31,5,2,31
1492,467,1600000,32,0,2,4.0,50000.0,32,800.0,2018-05-31,5,2,31
1492,191,1500000,30,0,3,1.9,50000.0,30,1578.9473684210527,2018-05-31,5,2,31
1492,169,1100000,11,0,2,5.31,100000.0,11,207.15630885122414,2018-05-31,5,2,31
1492,352,960000,12,0,4,1.95,80000.0,12,615.3846153846155,2018-05-31,5,2,31
1492,266,880000,11,0,3,2.28,80000.0,11,482.4561403508772,2018-05-31,5,2,31
1492,529,780000,10,0,2,10.64,78000.0,10,93.98496240601504,2018-05-31,5,2,31
1492,201,770000,11,0,2,1.74,70000.0,11,632.183908045977,2018-05-31,5,2,31
1492,204,700000,10,0,8,0.41,70000.0,10,2439.0243902439024,2018-05-31,5,2,31
1492,162,660000,13,0,4,2.83,50769.230769230766,13,459.3639575971731,2018-05-31,5,2,31
1492,509,400000,8,0,1,3.11,50000.0,8,257.2347266881029,2018-05-31,5,2,31
1492,506,240000,6,0,1,1.5,40000.0,6,400.0,2018-05-31,5,2,31
1492,43,240000,6,0,3,0.44,40000.0,6,1363.6363636363637,2018-05-31,5,2,31
1492,457,60000,2,0,3,0.22,30000.0,2,909.0909090909091,2018-05-31,5,2,31
1492,304,4640000,51,0,3,11.56,90980.39215686274,51,441.17647058823525,2018-05-30,5,2,30
1492,344,3670000,38,0,2,12.84,96578.94736842105,38,295.9501557632399,2018-05-30,5,2,30
1492,489,3140000,34,0,3,26.98,92352.94117647059,34,126.01927353595255,2018-05-30,5,2,30
1492,163,3000000,29,0,3,22.31,103448.27586206897,29,129.986553115195,2018-05-30,5,2,30
1492,448,2700000,18,0,1,9.47,150000.0,18,190.07391763463568,2018-05-30,5,2,30
1492,56,2680000,67,0,3,28.63,40000.0,67,234.0202584701362,2018-05-30,5,2,30
1492,191,1500000,30,0,3,1.9,50000.0,30,1578.9473684210527,2018-05-30,5,2,30
1492,352,1460000,13,0,3,2.85,112307.69230769231,13,456.140350877193,2018-05-30,5,2,30
1492,201,1330000,19,0,2,3.0,70000.0,19,633.3333333333333,2018-05-30,5,2,30
1492,467,1150000,23,0,2,2.88,50000.0,23,798.6111111111112,2018-05-30,5,2,30
1492,169,1100000,11,0,2,5.31,100000.0,11,207.15630885122414,2018-05-30,5,2,30
1492,450,720000,11,0,1,10.38,65454.545454545456,11,105.97302504816955,2018-05-30,5,2,30
1492,529,660000,9,0,2,9.57,73333.33333333333,9,94.04388714733543,2018-05-30,5,2,30
1492,266,640000,8,0,3,1.66,80000.0,8,481.9277108433735,2018-05-30,5,2,30
1492,210,640000,8,0,1,33.33,80000.0,8,24.002400240024006,2018-05-30,5,2,30
1492,162,600000,11,0,3,3.19,54545.454545454544,11,344.82758620689657,2018-05-30,5,2,30
1492,524,450000,3,0,1,13.04,150000.0,3,23.006134969325153,2018-05-30,5,2,30
1492,506,400000,5,0,1,1.25,80000.0,5,400.0,2018-05-30,5,2,30
1492,457,360000,12,0,4,0.97,30000.0,12,1237.1134020618558,2018-05-30,5,2,30
1492,204,350000,5,0,8,0.2,70000.0,5,2500.0,2018-05-30,5,2,30
1492,537,300000,6,0,2,1.28,50000.0,6,468.75,2018-05-30,5,2,30
1492,304,11680000,146,0,3,33.11,80000.0,146,440.9543944427665,2018-05-29,5,2,29
1492,448,9680000,123,0,1,64.74,78699.18699186992,123,189.99073215940686,2018-05-29,5,2,29
1492,489,8080000,101,0,4,66.89,80000.0,101,150.99416953206756,2018-05-29,5,2,29
1492,344,7920000,99,0,2,33.45,80000.0,99,295.9641255605381,2018-05-29,5,2,29
1492,352,4800000,60,0,4,10.71,80000.0,60,560.2240896358543,2018-05-29,5,2,29
1492,163,4620000,77,0,3,59.23,60000.0,77,130.00168833361474,2018-05-29,5,2,29
1492,450,2880000,36,1,1,33.96,80000.0,35,106.00706713780919,2018-05-29,5,2,29
1492,169,2100000,42,4,2,20.29,50000.0,38,206.9985214391326,2018-05-29,5,2,29
1492,191,1650000,55,0,3,3.49,30000.0,55,1575.9312320916906,2018-05-29,5,2,29
1492,524,1600000,22,0,1,95.65,72727.27272727272,22,23.000522739153162,2018-05-29,5,2,29
1492,467,1550000,31,0,2,3.88,50000.0,31,798.9690721649484,2018-05-29,5,2,29
1492,474,1440000,36,0,1,90.0,40000.0,36,40.0,2018-05-29,5,2,29
1492,529,1020000,17,0,2,18.09,60000.0,17,93.97457158651189,2018-05-29,5,2,29
1492,204,945000,27,0,8,1.1,35000.0,27,2454.5454545454545,2018-05-29,5,2,29
1492,43,920000,23,0,3,1.97,40000.0,23,1167.51269035533,2018-05-29,5,2,29
1492,162,780000,26,0,4,5.65,30000.0,26,460.17699115044246,2018-05-29,5,2,29
1492,165,640000,16,0,2,13.33,40000.0,16,120.03000750187547,2018-05-29,5,2,29
1492,266,640000,8,0,3,1.66,80000.0,8,481.9277108433735,2018-05-29,5,2,29
1492,262,500000,10,0,1,6.29,50000.0,10,158.9825119236884,2018-05-29,5,2,29
1492,537,325000,13,0,1,5.53,25000.0,13,235.08137432188065,2018-05-29,5,2,29
1492,506,200000,5,0,1,1.25,40000.0,5,400.0,2018-05-29,5,2,29
1492,380,190000,4,0,1,5.71,47500.0,4,70.05253940455341,2018-05-29,5,2,29
1492,522,160000,2,0,1,2.33,80000.0,2,85.83690987124464,2018-05-29,5,2,29
1492,489,2960000,30,0,3,23.81,98666.66666666667,30,125.99748005039899,2018-05-28,5,2,28
1492,304,2720000,34,0,3,7.71,80000.0,34,440.9857328145266,2018-05-28,5,2,28
1492,352,2480000,31,0,3,9.94,80000.0,31,311.87122736418513,2018-05-28,5,2,28
1492,204,1330000,19,0,8,0.77,70000.0,19,2467.5324675324673,2018-05-28,5,2,28
1492,467,1300000,26,0,2,3.25,50000.0,26,800.0,2018-05-28,5,2,28
1492,266,1200000,15,0,3,3.11,80000.0,15,482.3151125401929,2018-05-28,5,2,28
1492,448,1200000,8,0,1,4.21,150000.0,8,190.02375296912115,2018-05-28,5,2,28
1492,163,1080000,12,0,3,9.23,90000.0,12,130.01083423618633,2018-05-28,5,2,28
1492,344,1050000,7,0,1,23.33,150000.0,7,30.00428632661809,2018-05-28,5,2,28
1492,524,900000,6,0,1,26.09,150000.0,6,22.997316979685703,2018-05-28,5,2,28
1492,165,720000,11,0,3,6.11,65454.545454545456,11,180.03273322422257,2018-05-28,5,2,28
1492,169,700000,7,0,2,3.38,100000.0,7,207.10059171597632,2018-05-28,5,2,28
1492,191,700000,14,0,3,0.89,50000.0,14,1573.0337078651685,2018-05-28,5,2,28
1492,43,560000,14,0,3,1.2,40000.0,14,1166.6666666666667,2018-05-28,5,2,28
1492,162,540000,9,0,3,2.61,60000.0,9,344.82758620689657,2018-05-28,5,2,28
1492,537,500000,10,0,2,2.13,50000.0,10,469.4835680751174,2018-05-28,5,2,28
1492,529,360000,6,0,2,6.38,60000.0,6,94.04388714733543,2018-05-28,5,2,28
1492,522,320000,4,0,1,4.65,80000.0,4,86.02150537634408,2018-05-28,5,2,28
1492,532,280000,4,0,2,0.67,70000.0,4,597.0149253731342,2018-05-28,5,2,28
1492,304,5040000,63,0,3,14.29,80000.0,63,440.86773967809665,2018-05-27,5,2,27
1492,352,3040000,38,0,3,12.18,80000.0,38,311.98686371100166,2018-05-27,5,2,27
1492,489,2490000,25,0,3,19.84,99600.0,25,126.00806451612902,2018-05-27,5,2,27
1492,163,1920000,23,0,3,17.69,83478.26086956522,23,130.01695873374788,2018-05-27,5,2,27
1492,448,1670000,13,0,2,3.55,128461.53846153847,13,366.19718309859155,2018-05-27,5,2,27
1492,191,1300000,26,0,3,1.65,50000.0,26,1575.7575757575758,2018-05-27,5,2,27
1492,344,1200000,10,0,1,33.33,120000.0,10,30.003000300030003,2018-05-27,5,2,27
1492,165,1120000,14,0,3,7.78,80000.0,14,179.94858611825194,2018-05-27,5,2,27
1492,162,780000,13,0,3,3.77,60000.0,13,344.8275862068965,2018-05-27,5,2,27
1492,524,750000,5,0,1,21.74,150000.0,5,22.99908003679853,2018-05-27,5,2,27
1492,43,440000,11,0,3,0.94,40000.0,11,1170.212765957447,2018-05-27,5,2,27
1492,204,280000,4,0,8,0.16,70000.0,4,2500.0,2018-05-27,5,2,27
1492,522,240000,3,0,1,3.49,80000.0,3,85.95988538681948,2018-05-27,5,2,27
1492,529,120000,2,0,2,2.13,60000.0,2,93.89671361502347,2018-05-27,5,2,27
1492,312,1360000,34,0,1,53.13,40000.0,34,63.993977037455295,2018-08-07,8,3,7
1492,304,4720000,59,0,3,13.38,80000.0,59,440.95665171898355,2018-05-26,5,2,26
1492,489,3680000,46,0,3,36.51,80000.0,46,125.9928786633799,2018-05-26,5,2,26
1492,474,1360000,17,0,1,73.91,80000.0,17,23.000947097821676,2018-05-26,5,2,26
1492,165,1360000,17,0,3,9.44,80000.0,17,180.08474576271186,2018-05-26,5,2,26
1492,191,1200000,24,0,3,1.52,50000.0,24,1578.9473684210525,2018-05-26,5,2,26
1492,352,1120000,14,0,3,4.49,80000.0,14,311.80400890868594,2018-05-26,5,2,26
1492,448,900000,6,0,1,3.16,150000.0,6,189.873417721519,2018-05-26,5,2,26
1492,522,880000,11,0,1,12.79,80000.0,11,86.00469116497264,2018-05-26,5,2,26
1492,162,780000,13,0,5,2.26,60000.0,13,575.2212389380531,2018-05-26,5,2,26
1492,43,680000,17,0,3,1.46,40000.0,17,1164.3835616438355,2018-05-26,5,2,26
1492,524,640000,8,0,1,34.78,80000.0,8,23.001725129384702,2018-05-26,5,2,26
1492,204,560000,8,0,8,0.33,70000.0,8,2424.242424242424,2018-05-26,5,2,26
1492,532,490000,7,0,2,1.17,70000.0,7,598.2905982905983,2018-05-26,5,2,26
1492,210,400000,5,0,3,4.27,80000.0,5,117.09601873536302,2018-05-26,5,2,26
1492,163,360000,3,0,3,2.31,120000.0,3,129.87012987012986,2018-05-26,5,2,26
1492,529,360000,4,0,2,4.26,90000.0,4,93.89671361502347,2018-05-26,5,2,26
1492,266,240000,3,0,3,0.62,80000.0,3,483.8709677419355,2018-05-26,5,2,26
1492,506,200000,5,0,1,1.25,40000.0,5,400.0,2018-05-26,5,2,26
1492,537,100000,2,0,1,0.85,50000.0,2,235.29411764705884,2018-05-26,5,2,26
1492,486,50000,1,0,1,0.36,50000.0,1,277.77777777777777,2018-05-26,5,2,26
1492,304,9360000,117,0,3,26.53,80000.0,117,441.0101771579344,2018-05-25,5,2,25
1492,352,5920000,75,0,3,24.04,78933.33333333333,75,311.98003327787023,2018-05-25,5,2,25
1492,448,5850000,39,0,1,20.53,150000.0,39,189.96590355577203,2018-05-25,5,2,25
1492,489,3680000,46,1,3,36.51,80000.0,45,125.9928786633799,2018-05-25,5,2,25
1492,529,2100000,31,0,4,16.67,67741.93548387097,31,185.96280743851227,2018-05-25,5,2,25
1492,344,2100000,14,0,1,46.67,150000.0,14,29.997857295907433,2018-05-25,5,2,25
1492,210,2000000,25,0,3,21.37,80000.0,25,116.98642957416938,2018-05-25,5,2,25
1492,163,1740000,17,0,2,18.89,102352.94117647059,17,89.9947061937533,2018-05-25,5,2,25
1492,191,1100000,22,0,3,1.39,50000.0,22,1582.7338129496404,2018-05-25,5,2,25
1492,204,980000,14,0,8,0.57,70000.0,14,2456.140350877193,2018-05-25,5,2,25
1492,522,640000,8,0,1,9.3,80000.0,8,86.02150537634408,2018-05-25,5,2,25
1492,474,520000,13,0,1,56.52,40000.0,13,23.00070771408351,2018-05-25,5,2,25
1492,165,480000,6,0,2,5.0,80000.0,6,120.0,2018-05-25,5,2,25
1492,43,480000,12,0,3,1.03,40000.0,12,1165.0485436893205,2018-05-25,5,2,25
1492,266,400000,5,0,3,1.04,80000.0,5,480.7692307692308,2018-05-25,5,2,25
1492,429,400000,8,0,1,7.34,50000.0,8,108.99182561307903,2018-05-25,5,2,25
1492,509,350000,7,0,1,2.72,50000.0,7,257.35294117647055,2018-05-25,5,2,25
1492,162,300000,5,0,5,0.87,60000.0,5,574.7126436781609,2018-05-25,5,2,25
1492,532,140000,2,0,1,0.67,70000.0,2,298.5074626865671,2018-05-25,5,2,25
1492,506,80000,2,0,1,0.5,40000.0,2,400.0,2018-05-25,5,2,25
1492,448,13800000,99,0,3,18.27,139393.9393939394,99,541.871921182266,2018-05-24,5,2,24
1492,304,8400000,105,0,3,23.81,80000.0,105,440.9911801763965,2018-05-24,5,2,24
1492,489,4750000,41,0,3,32.54,115853.65853658537,41,125.99877074370008,2018-05-24,5,2,24
1492,352,4560000,57,0,3,18.27,80000.0,57,311.98686371100166,2018-05-24,5,2,24
1492,163,3720000,36,0,3,27.69,103333.33333333333,36,130.01083423618633,2018-05-24,5,2,24
1492,344,2700000,18,0,1,60.0,150000.0,18,30.0,2018-05-24,5,2,24
1492,529,2220000,31,0,4,16.67,71612.90322580645,31,185.96280743851227,2018-05-24,5,2,24
1492,474,2080000,33,0,2,71.74,63030.30303030303,33,45.999442431000844,2018-05-24,5,2,24
1492,191,2000000,40,0,3,2.53,50000.0,40,1581.0276679841897,2018-05-24,5,2,24
1492,210,1920000,26,0,3,22.22,73846.15384615384,26,117.01170117011701,2018-05-24,5,2,24
1492,204,1260000,18,0,8,0.73,70000.0,18,2465.753424657534,2018-05-24,5,2,24
1492,165,960000,12,0,3,6.67,80000.0,12,179.91004497751123,2018-05-24,5,2,24
1492,162,960000,25,0,5,4.35,38400.0,25,574.7126436781609,2018-05-24,5,2,24
1492,537,900000,18,0,1,7.66,50000.0,18,234.98694516971278,2018-05-24,5,2,24
1492,522,880000,11,0,1,12.79,80000.0,11,86.00469116497264,2018-05-24,5,2,24
1492,518,800000,8,0,1,14.55,100000.0,8,54.982817869415804,2018-05-24,5,2,24
1492,266,800000,10,0,3,2.07,80000.0,10,483.09178743961354,2018-05-24,5,2,24
1492,506,720000,18,0,1,4.5,40000.0,18,400.0,2018-05-24,5,2,24
1492,429,250000,5,0,1,4.59,50000.0,5,108.93246187363835,2018-05-24,5,2,24
1492,43,200000,5,0,3,0.43,40000.0,5,1162.7906976744184,2018-05-24,5,2,24
1492,486,50000,2,0,1,0.71,25000.0,2,281.69014084507046,2018-05-24,5,2,24
1492,532,35000,1,0,2,0.17,35000.0,1,588.235294117647,2018-05-24,5,2,24
1492,304,3520000,44,0,3,9.98,80000.0,44,440.8817635270541,2018-05-23,5,2,23
1492,344,2250000,15,0,1,50.0,150000.0,15,30.0,2018-05-23,5,2,23
1492,191,1900000,38,0,3,2.41,50000.0,38,1576.7634854771784,2018-05-23,5,2,23
1492,524,1560000,18,0,3,20.0,86666.66666666667,18,90.0,2018-05-23,5,2,23
1492,489,1440000,18,0,3,14.29,80000.0,18,125.96221133659901,2018-05-23,5,2,23
1492,352,1120000,15,0,3,4.81,74666.66666666667,15,311.85031185031187,2018-05-23,5,2,23
1492,162,1020000,17,0,5,2.96,60000.0,17,574.3243243243243,2018-05-23,5,2,23
1492,474,920000,23,0,1,100.0,40000.0,23,23.0,2018-05-23,5,2,23
1492,448,900000,6,0,1,60.0,150000.0,6,10.0,2018-05-23,5,2,23
1492,163,840000,11,0,3,8.46,76363.63636363637,11,130.02364066193851,2018-05-23,5,2,23
1492,529,840000,10,0,3,7.09,84000.0,10,141.04372355430183,2018-05-23,5,2,23
1492,165,720000,13,0,3,7.22,55384.61538461538,13,180.05540166204986,2018-05-23,5,2,23
1492,210,680000,9,0,3,7.69,75555.55555555556,9,117.03511053315994,2018-05-23,5,2,23
1492,509,550000,11,0,1,4.28,50000.0,11,257.0093457943925,2018-05-23,5,2,23
1492,43,520000,13,0,3,1.11,40000.0,13,1171.1711711711712,2018-05-23,5,2,23
1492,486,450000,18,0,1,6.43,25000.0,18,279.93779160186625,2018-05-23,5,2,23
1492,532,210000,3,0,1,1.0,70000.0,3,300.0,2018-05-23,5,2,23
1492,448,17840000,226,0,4,29.74,78938.05309734514,226,759.9193006052456,2018-05-22,5,2,22
1492,304,11920000,149,0,3,33.79,80000.0,149,440.95886356910324,2018-05-22,5,2,22
1492,489,8320000,104,0,4,61.9,80000.0,104,168.01292407108238,2018-05-22,5,2,22
1492,344,7680000,96,0,3,29.72,80000.0,96,323.01480484522205,2018-05-22,5,2,22
1492,352,7040000,88,0,4,21.15,80000.0,88,416.0756501182034,2018-05-22,5,2,22
1492,210,4120000,103,0,4,73.05,40000.0,103,140.99931553730323,2018-05-22,5,2,22
1492,163,3840000,64,0,3,49.23,60000.0,64,130.0020312817388,2018-05-22,5,2,22
1492,524,3440000,43,0,3,47.78,80000.0,43,89.99581414817915,2018-05-22,5,2,22
1492,191,3390000,113,0,3,7.16,30000.0,113,1578.2122905027932,2018-05-22,5,2,22
1492,513,3000000,50,0,1,20.16,60000.0,50,248.015873015873,2018-05-22,5,2,22
1492,51,2650000,53,0,2,4.56,50000.0,53,1162.2807017543862,2018-05-22,5,2,22
1492,429,2450000,49,0,1,44.95,50000.0,49,109.0100111234705,2018-05-22,5,2,22
1492,198,1820000,52,0,2,15.12,35000.0,52,343.91534391534395,2018-05-22,5,2,22
1492,262,1750000,35,0,1,22.01,50000.0,35,159.0186278964107,2018-05-22,5,2,22
1492,474,1600000,40,0,1,100.0,40000.0,40,40.0,2018-05-22,5,2,22
1492,43,1560000,39,0,3,3.34,40000.0,39,1167.6646706586826,2018-05-22,5,2,22
1492,518,1260000,21,0,1,38.18,60000.0,21,55.00261917234154,2018-05-22,5,2,22
1492,529,1020000,17,0,3,12.06,60000.0,17,140.96185737976782,2018-05-22,5,2,22
1492,532,1015000,29,0,3,3.23,35000.0,29,897.8328173374614,2018-05-22,5,2,22
1492,486,975000,39,0,1,13.93,25000.0,39,279.97128499641065,2018-05-22,5,2,22
1492,431,720000,12,0,2,23.08,60000.0,12,51.99306759098788,2018-05-22,5,2,22
1492,522,640000,8,0,1,9.3,80000.0,8,86.02150537634408,2018-05-22,5,2,22
1492,266,560000,7,0,3,1.45,80000.0,7,482.7586206896552,2018-05-22,5,2,22
1492,509,350000,7,0,1,2.72,50000.0,7,257.35294117647055,2018-05-22,5,2,22
1492,144,120000,3,0,4,0.19,40000.0,3,1578.9473684210525,2018-05-22,5,2,22
1492,82,80000,2,0,6,0.21,40000.0,2,952.3809523809524,2018-05-22,5,2,22
1492,304,6000000,40,0,1,27.21,150000.0,40,147.0047776552738,2018-05-21,5,2,21
1492,344,3520000,37,0,3,11.46,95135.13513513513,37,322.8621291448516,2018-05-21,5,2,21
1492,448,3090000,38,0,3,6.67,81315.78947368421,38,569.7151424287856,2018-05-21,5,2,21
1492,191,2000000,40,0,3,2.53,50000.0,40,1581.0276679841897,2018-05-21,5,2,21
1492,489,1500000,17,0,3,13.49,88235.29411764706,17,126.01927353595255,2018-05-21,5,2,21
1492,163,1440000,16,0,3,12.31,90000.0,16,129.97562956945572,2018-05-21,5,2,21
1492,529,1320000,12,0,3,8.51,110000.0,12,141.0105757931845,2018-05-21,5,2,21
1492,524,1200000,15,0,4,12.5,80000.0,15,120.0,2018-05-21,5,2,21
1492,352,1200000,8,0,4,1.92,150000.0,8,416.6666666666667,2018-05-21,5,2,21
1492,429,1000000,10,0,1,9.17,100000.0,10,109.05125408942202,2018-05-21,5,2,21
1492,210,960000,12,0,4,8.51,80000.0,12,141.0105757931845,2018-05-21,5,2,21
1492,51,650000,12,0,2,1.03,54166.666666666664,12,1165.0485436893205,2018-05-21,5,2,21
1492,486,650000,26,0,2,4.64,25000.0,26,560.344827586207,2018-05-21,5,2,21
1492,266,560000,7,0,3,1.45,80000.0,7,482.7586206896552,2018-05-21,5,2,21
1492,532,490000,7,0,3,0.78,70000.0,7,897.4358974358975,2018-05-21,5,2,21
1492,474,440000,11,0,1,47.83,40000.0,11,22.998118335772528,2018-05-21,5,2,21
1492,198,385000,11,0,2,3.2,35000.0,11,343.75,2018-05-21,5,2,21
1492,144,280000,7,0,4,0.45,40000.0,7,1555.5555555555554,2018-05-21,5,2,21
1492,43,160000,4,0,3,0.34,40000.0,4,1176.470588235294,2018-05-21,5,2,21
1492,508,150000,5,0,1,1.95,30000.0,5,256.4102564102564,2018-05-21,5,2,21
1492,82,40000,1,0,6,0.11,40000.0,1,909.0909090909091,2018-05-21,5,2,21
1492,352,16810000,183,0,6,29.33,91857.92349726777,183,623.9345380156836,2018-05-20,5,2,20
1492,304,4950000,33,0,1,22.45,150000.0,33,146.9933184855234,2018-05-20,5,2,20
1492,344,3410000,34,0,3,10.53,100294.11764705883,34,322.88698955365624,2018-05-20,5,2,20
1492,448,2000000,25,0,2,6.58,80000.0,25,379.9392097264438,2018-05-20,5,2,20
1492,489,1760000,22,1,3,17.46,80000.0,21,126.00229095074455,2018-05-20,5,2,20
1492,191,1700000,34,0,3,2.15,50000.0,34,1581.3953488372094,2018-05-20,5,2,20
1492,524,1380000,12,0,3,13.33,115000.0,12,90.0225056264066,2018-05-20,5,2,20
1492,210,1280000,16,0,4,11.35,80000.0,16,140.96916299559473,2018-05-20,5,2,20
1492,429,1200000,12,0,1,11.01,100000.0,12,108.99182561307903,2018-05-20,5,2,20
1492,474,1160000,20,0,2,43.48,58000.0,20,45.99816007359706,2018-05-20,5,2,20
1492,163,1140000,11,0,3,8.46,103636.36363636363,11,130.02364066193851,2018-05-20,5,2,20
1492,51,1100000,19,0,2,1.64,57894.73684210526,19,1158.5365853658536,2018-05-20,5,2,20
1492,529,840000,9,1,3,6.38,93333.33333333333,8,141.06583072100312,2018-05-20,5,2,20
1492,518,820000,9,0,1,16.36,91111.11111111111,9,55.012224938875306,2018-05-20,5,2,20
1492,486,375000,11,0,2,1.96,34090.90909090909,11,561.2244897959184,2018-05-20,5,2,20
1492,266,320000,4,0,3,0.83,80000.0,4,481.9277108433735,2018-05-20,5,2,20
1492,144,200000,5,0,4,0.32,40000.0,5,1562.5,2018-05-20,5,2,20
1492,198,175000,5,0,2,1.45,35000.0,5,344.82758620689657,2018-05-20,5,2,20
1492,43,160000,4,0,3,0.34,40000.0,4,1176.470588235294,2018-05-20,5,2,20
1492,509,150000,3,0,1,1.17,50000.0,3,256.4102564102564,2018-05-20,5,2,20
1492,532,140000,2,0,3,0.22,70000.0,2,909.0909090909091,2018-05-20,5,2,20
1492,352,18000000,225,0,6,36.06,80000.0,225,623.9600665557405,2018-05-19,5,2,19
1492,489,4560000,57,2,4,37.75,80000.0,55,150.9933774834437,2018-05-19,5,2,19
1492,304,2250000,15,0,1,10.2,150000.0,15,147.05882352941177,2018-05-19,5,2,19
1492,344,2220000,27,0,3,8.36,82222.22222222222,27,322.9665071770335,2018-05-19,5,2,19
1492,524,2080000,26,0,2,43.33,80000.0,26,60.00461573967228,2018-05-19,5,2,19
1492,210,1880000,24,0,4,17.02,78333.33333333333,24,141.0105757931845,2018-05-19,5,2,19
1492,448,1680000,21,0,2,5.53,80000.0,21,379.746835443038,2018-05-19,5,2,19
1492,51,1600000,27,0,2,2.32,59259.25925925926,27,1163.793103448276,2018-05-19,5,2,19
1492,191,1200000,24,0,3,1.52,50000.0,24,1578.9473684210525,2018-05-19,5,2,19
1492,474,880000,15,0,2,32.61,58666.666666666664,15,45.998160073597056,2018-05-19,5,2,19
1492,513,840000,14,0,1,5.65,60000.0,14,247.787610619469,2018-05-19,5,2,19
1492,429,600000,6,0,1,5.5,100000.0,6,109.09090909090908,2018-05-19,5,2,19
1492,163,420000,7,0,2,7.78,60000.0,7,89.97429305912597,2018-05-19,5,2,19
1492,262,400000,8,0,1,5.03,50000.0,8,159.04572564612326,2018-05-19,5,2,19
1492,532,350000,5,0,3,0.56,70000.0,5,892.8571428571427,2018-05-19,5,2,19
1492,431,200000,2,0,2,3.85,100000.0,2,51.94805194805194,2018-05-19,5,2,19
1492,43,200000,5,0,3,0.43,40000.0,5,1162.7906976744184,2018-05-19,5,2,19
1492,144,200000,5,0,4,0.32,40000.0,5,1562.5,2018-05-19,5,2,19
1492,198,175000,5,0,3,0.97,35000.0,5,515.4639175257732,2018-05-19,5,2,19
1492,485,160000,2,0,1,4.35,80000.0,2,45.97701149425288,2018-05-19,5,2,19
1492,82,120000,3,0,6,0.32,40000.0,3,937.5,2018-05-19,5,2,19
1492,266,80000,1,0,3,0.21,80000.0,1,476.1904761904762,2018-05-19,5,2,19
1492,352,17150000,182,0,6,29.17,94230.76923076923,182,623.9286938635585,2018-05-18,5,2,18
1492,304,9150000,61,0,1,41.5,150000.0,61,146.9879518072289,2018-05-18,5,2,18
1492,344,6300000,70,0,3,21.47,90000.0,70,326.0363297624592,2018-05-18,5,2,18
1492,489,4940000,53,0,3,42.06,93207.54716981133,53,126.01046124583928,2018-05-18,5,2,18
1492,448,3840000,41,0,3,10.9,93658.53658536586,41,376.1467889908257,2018-05-18,5,2,18
1492,524,3210000,34,0,3,37.78,94411.76470588235,34,89.9947061937533,2018-05-18,5,2,18
1492,163,2760000,27,0,3,20.77,102222.22222222222,27,129.99518536350504,2018-05-18,5,2,18
1492,485,2560000,32,0,1,69.57,80000.0,32,45.99683771740693,2018-05-18,5,2,18
1492,474,2400000,30,0,2,65.22,80000.0,30,45.998160073597056,2018-05-18,5,2,18
1492,191,2400000,48,0,3,3.04,50000.0,48,1578.9473684210525,2018-05-18,5,2,18
1492,210,2080000,26,0,4,18.44,80000.0,26,140.997830802603,2018-05-18,5,2,18
1492,51,1550000,20,0,2,1.72,77500.0,20,1162.7906976744184,2018-05-18,5,2,18
1492,529,1500000,25,2,3,18.25,60000.0,23,136.986301369863,2018-05-18,5,2,18
1492,522,720000,9,0,1,10.47,80000.0,9,85.95988538681948,2018-05-18,5,2,18
1492,429,700000,7,0,1,6.42,100000.0,7,109.03426791277259,2018-05-18,5,2,18
1492,43,680000,17,0,3,1.46,40000.0,17,1164.3835616438355,2018-05-18,5,2,18
1492,532,630000,9,0,3,1.0,70000.0,9,900.0,2018-05-18,5,2,18
1492,431,500000,5,0,2,9.62,100000.0,5,51.975051975051976,2018-05-18,5,2,18
1492,266,400000,5,0,3,1.04,80000.0,5,480.7692307692308,2018-05-18,5,2,18
1492,518,400000,4,0,1,7.27,100000.0,4,55.020632737276486,2018-05-18,5,2,18
1492,144,200000,5,0,4,0.32,40000.0,5,1562.5,2018-05-18,5,2,18
1492,198,175000,5,0,3,0.97,35000.0,5,515.4639175257732,2018-05-18,5,2,18
1492,352,12330000,99,0,6,15.87,124545.45454545454,99,623.8185255198488,2018-05-17,5,2,17
1492,304,9600000,64,0,1,43.54,150000.0,64,146.99127239320165,2018-05-17,5,2,17
1492,448,6390000,52,0,3,9.12,122884.61538461539,52,570.1754385964913,2018-05-17,5,2,17
1492,344,6060000,60,0,3,18.58,101000.0,60,322.9278794402584,2018-05-17,5,2,17
1492,71,5550000,37,2,1,15.48,150000.0,35,239.01808785529715,2018-05-17,5,2,17
1492,163,4740000,43,0,3,33.08,110232.55813953489,43,129.98790810157195,2018-05-17,5,2,17
1492,474,4160000,52,0,2,82.54,80000.0,52,62.99975769323963,2018-05-17,5,2,17
1492,429,4100000,41,0,1,37.61,100000.0,41,109.01356022334485,2018-05-17,5,2,17
1492,485,3450000,23,0,1,50.0,150000.0,23,46.0,2018-05-17,5,2,17
1492,210,3120000,39,0,4,27.66,80000.0,39,140.99783080260303,2018-05-17,5,2,17
1492,489,3080000,29,0,3,23.02,106206.89655172414,29,125.97741094700261,2018-05-17,5,2,17
1492,529,2820000,34,0,4,18.68,82941.17647058824,34,182.01284796573876,2018-05-17,5,2,17
1492,524,2710000,26,0,3,28.89,104230.76923076923,26,89.99653859466943,2018-05-17,5,2,17
1492,191,1600000,32,0,3,2.03,50000.0,32,1576.3546798029558,2018-05-17,5,2,17
1492,51,1250000,18,0,2,1.55,69444.44444444444,18,1161.2903225806451,2018-05-17,5,2,17
1492,266,750000,5,0,3,1.04,150000.0,5,480.7692307692308,2018-05-17,5,2,17
1492,431,700000,7,0,2,13.46,100000.0,7,52.00594353640415,2018-05-17,5,2,17
1492,522,560000,7,0,1,8.14,80000.0,7,85.99508599508599,2018-05-17,5,2,17
1492,43,360000,9,0,3,0.77,40000.0,9,1168.8311688311687,2018-05-17,5,2,17
1492,198,175000,5,0,3,0.97,35000.0,5,515.4639175257732,2018-05-17,5,2,17
1492,144,160000,4,0,4,0.26,40000.0,4,1538.4615384615383,2018-05-17,5,2,17
1492,532,140000,2,0,3,0.22,70000.0,2,909.0909090909091,2018-05-17,5,2,17
1492,82,120000,3,0,6,0.32,40000.0,3,937.5,2018-05-17,5,2,17
1492,238,780000,13,0,3,2.1,60000.0,13,619.047619047619,2018-08-06,8,3,6
1492,352,9450000,63,0,4,15.14,150000.0,63,416.116248348745,2018-05-16,5,2,16
1492,304,7650000,51,0,3,11.56,150000.0,51,441.17647058823525,2018-05-16,5,2,16
1492,448,6150000,41,0,3,7.19,150000.0,41,570.2364394993045,2018-05-16,5,2,16
1492,210,3520000,44,0,4,31.21,80000.0,44,140.98045498237744,2018-05-16,5,2,16
1492,344,3000000,20,0,3,6.19,150000.0,20,323.1017770597738,2018-05-16,5,2,16
1492,489,2400000,21,0,4,12.5,114285.71428571429,21,168.0,2018-05-16,5,2,16
1492,191,2300000,46,0,3,2.92,50000.0,46,1575.3424657534247,2018-05-16,5,2,16
1492,51,2200000,27,0,2,2.32,81481.48148148147,27,1163.793103448276,2018-05-16,5,2,16
1492,163,1560000,21,0,3,16.15,74285.71428571429,21,130.030959752322,2018-05-16,5,2,16
1492,429,1500000,15,0,1,13.76,100000.0,15,109.01162790697674,2018-05-16,5,2,16
1492,524,1050000,7,0,3,7.78,150000.0,7,89.97429305912597,2018-05-16,5,2,16
1492,431,800000,8,0,2,15.38,100000.0,8,52.01560468140441,2018-05-16,5,2,16
1492,43,640000,8,0,3,0.68,80000.0,8,1176.470588235294,2018-05-16,5,2,16
1492,522,600000,4,0,3,1.55,150000.0,4,258.06451612903226,2018-05-16,5,2,16
1492,198,560000,8,0,3,1.55,70000.0,8,516.1290322580645,2018-05-16,5,2,16
1492,474,480000,6,0,1,26.09,80000.0,6,22.997316979685703,2018-05-16,5,2,16
1492,266,300000,2,0,3,0.42,150000.0,2,476.1904761904762,2018-05-16,5,2,16
1492,144,80000,1,0,4,0.06,80000.0,1,1666.6666666666667,2018-05-16,5,2,16
1492,448,22880000,287,0,4,37.76,79721.2543554007,287,760.0635593220339,2018-05-15,5,2,15
1492,304,20080000,251,0,3,56.92,80000.0,251,440.96978215038655,2018-05-15,5,2,15
1492,71,9920000,126,5,3,17.57,78730.15873015873,121,717.1314741035857,2018-05-15,5,2,15
1492,352,9840000,123,0,4,29.57,80000.0,123,415.96212377409535,2018-05-15,5,2,15
1492,489,8800000,110,0,5,56.99,80000.0,110,193.01631865239514,2018-05-15,5,2,15
1492,450,8160000,102,0,3,32.08,80000.0,102,317.9551122194514,2018-05-15,5,2,15
1492,344,4560000,57,0,3,17.65,80000.0,57,322.94617563739376,2018-05-15,5,2,15
1492,163,4500000,75,0,3,57.69,60000.0,75,130.00520020800832,2018-05-15,5,2,15
1492,485,4320000,54,0,3,39.13,80000.0,54,138.00153335037055,2018-05-15,5,2,15
1492,513,3960000,66,0,1,26.61,60000.0,66,248.0270574971815,2018-05-15,5,2,15
1492,522,3760000,47,0,3,18.22,80000.0,47,257.9582875960483,2018-05-15,5,2,15
1492,51,3250000,65,0,3,3.73,50000.0,65,1742.6273458445041,2018-05-15,5,2,15
1492,191,3150000,105,0,3,6.65,30000.0,105,1578.9473684210525,2018-05-15,5,2,15
1492,524,2560000,32,0,3,35.56,80000.0,32,89.98875140607423,2018-05-15,5,2,15
1492,429,2450000,49,0,1,44.95,50000.0,49,109.0100111234705,2018-05-15,5,2,15
1492,529,2100000,35,0,3,25.93,60000.0,35,134.9787890474354,2018-05-15,5,2,15
1492,210,2040000,51,0,3,70.83,40000.0,51,72.00338839474799,2018-05-15,5,2,15
1492,262,1950000,39,0,1,24.53,50000.0,39,158.98899306971055,2018-05-15,5,2,15
1492,198,1505000,43,0,3,8.33,35000.0,43,516.2064825930372,2018-05-15,5,2,15
1492,431,1500000,25,0,2,48.08,60000.0,25,51.99667221297837,2018-05-15,5,2,15
1492,43,1360000,34,0,3,2.91,40000.0,34,1168.3848797250857,2018-05-15,5,2,15
1492,474,1280000,32,0,2,69.57,40000.0,32,45.99683771740693,2018-05-15,5,2,15
1492,266,1040000,13,0,3,2.7,80000.0,13,481.48148148148147,2018-05-15,5,2,15
1492,144,600000,15,0,4,0.97,40000.0,15,1546.3917525773195,2018-05-15,5,2,15
1492,456,600000,14,0,2,6.15,42857.142857142855,14,227.6422764227642,2018-05-15,5,2,15
1492,506,600000,15,0,1,3.75,40000.0,15,400.0,2018-05-15,5,2,15
1492,222,320000,8,0,1,9.52,40000.0,8,84.03361344537815,2018-05-15,5,2,15
1492,82,160000,4,0,6,0.42,40000.0,4,952.3809523809524,2018-05-15,5,2,15
1492,518,120000,2,0,1,3.64,60000.0,2,54.94505494505494,2018-05-15,5,2,15
1492,450,4350000,29,0,3,9.12,150000.0,29,317.9824561403509,2018-05-14,5,2,14
1492,71,4200000,30,0,3,4.18,140000.0,30,717.7033492822967,2018-05-14,5,2,14
1492,304,3450000,23,0,3,5.22,150000.0,23,440.61302681992333,2018-05-14,5,2,14
1492,43,2600000,61,0,3,5.22,42622.95081967213,61,1168.5823754789271,2018-05-14,5,2,14
1492,191,2300000,46,0,3,2.92,50000.0,46,1575.3424657534247,2018-05-14,5,2,14
1492,352,1800000,12,0,6,1.92,150000.0,12,625.0,2018-05-14,5,2,14
1492,51,1750000,20,0,2,1.72,87500.0,20,1162.7906976744184,2018-05-14,5,2,14
1492,344,1650000,13,0,3,14.44,126923.07692307692,13,90.02770083102493,2018-05-14,5,2,14
1492,210,1360000,17,0,3,23.61,80000.0,17,72.00338839474799,2018-05-14,5,2,14
1492,448,1350000,9,0,2,2.37,150000.0,9,379.746835443038,2018-05-14,5,2,14
1492,429,1000000,10,0,1,9.17,100000.0,10,109.05125408942202,2018-05-14,5,2,14
1492,474,960000,12,0,1,52.17,80000.0,12,23.001725129384702,2018-05-14,5,2,14
1492,522,900000,6,0,3,2.33,150000.0,6,257.51072961373393,2018-05-14,5,2,14
1492,163,720000,7,0,3,5.38,102857.14285714286,7,130.11152416356876,2018-05-14,5,2,14
1492,198,630000,9,0,3,1.74,70000.0,9,517.2413793103449,2018-05-14,5,2,14
1492,266,600000,4,0,3,0.83,150000.0,4,481.9277108433735,2018-05-14,5,2,14
1492,524,600000,4,0,3,4.44,150000.0,4,90.09009009009009,2018-05-14,5,2,14
1492,485,600000,4,0,3,2.9,150000.0,4,137.93103448275863,2018-05-14,5,2,14
1492,489,600000,4,0,4,2.38,150000.0,4,168.0672268907563,2018-05-14,5,2,14
1492,222,160000,2,0,1,2.38,80000.0,2,84.03361344537815,2018-05-14,5,2,14
1492,144,80000,1,0,4,0.06,80000.0,1,1666.6666666666667,2018-05-14,5,2,14
1492,352,15460000,104,0,6,16.67,148653.84615384616,104,623.875224955009,2018-05-13,5,2,13
1492,304,4950000,33,0,3,7.48,150000.0,33,441.17647058823525,2018-05-13,5,2,13
1492,344,2700000,18,0,3,20.0,150000.0,18,90.0,2018-05-13,5,2,13
1492,51,2700000,31,0,2,2.67,87096.7741935484,31,1161.048689138577,2018-05-13,5,2,13
1492,448,2100000,14,0,2,3.68,150000.0,14,380.4347826086956,2018-05-13,5,2,13
1492,163,2040000,18,0,3,13.85,113333.33333333333,18,129.9638989169675,2018-05-13,5,2,13
1492,71,1950000,13,0,3,1.81,150000.0,13,718.232044198895,2018-05-13,5,2,13
1492,524,1730000,12,0,3,13.33,144166.66666666666,12,90.0225056264066,2018-05-13,5,2,13
1492,191,1500000,30,0,3,1.9,50000.0,30,1578.9473684210527,2018-05-13,5,2,13
1492,474,1360000,17,0,1,73.91,80000.0,17,23.000947097821676,2018-05-13,5,2,13
1492,210,1280000,16,0,3,22.22,80000.0,16,72.007200720072,2018-05-13,5,2,13
1492,489,1200000,8,0,4,4.76,150000.0,8,168.0672268907563,2018-05-13,5,2,13
1492,485,900000,6,0,3,4.35,150000.0,6,137.93103448275863,2018-05-13,5,2,13
1492,429,600000,6,0,1,5.5,100000.0,6,109.09090909090908,2018-05-13,5,2,13
1492,43,560000,7,0,3,0.51,80000.0,7,1372.549019607843,2018-05-13,5,2,13
1492,198,490000,7,0,3,1.36,70000.0,7,514.7058823529411,2018-05-13,5,2,13
1492,222,480000,6,0,2,3.57,80000.0,6,168.0672268907563,2018-05-13,5,2,13
1492,262,400000,4,0,1,2.52,100000.0,4,158.73015873015873,2018-05-13,5,2,13
1492,144,240000,3,0,4,0.19,80000.0,3,1578.9473684210525,2018-05-13,5,2,13
1492,352,11360000,142,0,6,22.76,80000.0,142,623.9015817223197,2018-05-12,5,2,12
1492,489,4160000,52,0,4,32.5,80000.0,52,160.0,2018-05-12,5,2,12
1492,304,3450000,23,0,3,5.22,150000.0,23,440.61302681992333,2018-05-12,5,2,12
1492,448,3300000,22,0,3,3.86,150000.0,22,569.9481865284974,2018-05-12,5,2,12
1492,71,2700000,18,0,3,2.51,150000.0,18,717.1314741035858,2018-05-12,5,2,12
1492,344,1800000,12,0,3,13.33,150000.0,12,90.0225056264066,2018-05-12,5,2,12
1492,485,1650000,11,0,3,7.97,150000.0,11,138.01756587202007,2018-05-12,5,2,12
1492,163,1380000,14,0,3,10.77,98571.42857142857,14,129.9907149489322,2018-05-12,5,2,12
1492,51,1100000,11,0,2,0.95,100000.0,11,1157.8947368421052,2018-05-12,5,2,12
1492,429,1000000,10,0,1,9.17,100000.0,10,109.05125408942202,2018-05-12,5,2,12
1492,522,960000,12,0,3,4.65,80000.0,12,258.06451612903226,2018-05-12,5,2,12
1492,524,960000,12,0,3,13.33,80000.0,12,90.0225056264066,2018-05-12,5,2,12
1492,450,900000,6,0,3,1.89,150000.0,6,317.46031746031747,2018-05-12,5,2,12
1492,474,800000,10,0,1,43.48,80000.0,10,22.99908003679853,2018-05-12,5,2,12
1492,210,560000,7,0,3,9.72,80000.0,7,72.01646090534979,2018-05-12,5,2,12
1492,222,560000,7,0,2,4.17,80000.0,7,167.86570743405275,2018-05-12,5,2,12
1492,262,400000,8,0,1,5.03,50000.0,8,159.04572564612326,2018-05-12,5,2,12
1492,431,360000,6,0,2,11.54,60000.0,6,51.99306759098788,2018-05-12,5,2,12
1492,529,240000,2,0,3,1.48,120000.0,2,135.13513513513513,2018-05-12,5,2,12
1492,198,210000,3,0,3,0.58,70000.0,3,517.2413793103449,2018-05-12,5,2,12
1492,43,160000,2,0,3,0.17,80000.0,2,1176.470588235294,2018-05-12,5,2,12
1492,144,160000,2,0,4,0.13,80000.0,2,1538.4615384615383,2018-05-12,5,2,12
1492,304,12300000,82,0,3,18.59,150000.0,82,441.09736417428724,2018-05-11,5,2,11
1492,352,11410000,77,5,5,14.81,148181.81818181818,72,519.9189736664416,2018-05-11,5,2,11
1492,448,8100000,54,0,3,9.96,150000.0,54,542.1686746987951,2018-05-11,5,2,11
1492,450,7350000,49,0,3,15.41,150000.0,49,317.975340687865,2018-05-11,5,2,11
1492,489,5550000,37,0,4,23.13,150000.0,37,159.96541288370082,2018-05-11,5,2,11
1492,344,4950000,33,0,3,36.67,150000.0,33,89.99181892555221,2018-05-11,5,2,11
1492,524,3300000,22,0,3,24.44,150000.0,22,90.01636661211128,2018-05-11,5,2,11
1492,485,2850000,19,0,3,13.77,150000.0,19,137.98111837327525,2018-05-11,5,2,11
1492,71,2850000,21,3,3,2.93,135714.2857142857,18,716.7235494880546,2018-05-11,5,2,11
1492,522,2250000,15,0,3,5.84,150000.0,15,256.8493150684932,2018-05-11,5,2,11
1492,529,2040000,17,0,3,12.59,120000.0,17,135.02779984114377,2018-05-11,5,2,11
1492,210,1840000,23,0,3,31.94,80000.0,23,72.01001878522229,2018-05-11,5,2,11
1492,474,1840000,23,0,1,100.0,80000.0,23,23.0,2018-05-11,5,2,11
1492,429,1800000,18,0,1,16.51,100000.0,18,109.02483343428224,2018-05-11,5,2,11
1492,431,1320000,11,0,2,21.15,120000.0,11,52.00945626477542,2018-05-11,5,2,11
1492,51,1200000,14,0,2,1.2,85714.28571428571,14,1166.6666666666667,2018-05-11,5,2,11
1492,198,1190000,17,0,3,3.29,70000.0,17,516.7173252279636,2018-05-11,5,2,11
1492,82,880000,11,0,6,1.16,80000.0,11,948.2758620689657,2018-05-11,5,2,11
1492,266,750000,5,0,3,1.04,150000.0,5,480.7692307692308,2018-05-11,5,2,11
1492,144,480000,6,0,4,0.39,80000.0,6,1538.4615384615383,2018-05-11,5,2,11
1492,163,300000,5,0,1,11.11,60000.0,5,45.004500450045,2018-05-11,5,2,11
1492,43,240000,3,0,3,0.22,80000.0,3,1363.6363636363637,2018-05-11,5,2,11
1492,222,160000,2,0,2,1.19,80000.0,2,168.0672268907563,2018-05-11,5,2,11
