status_id,status_type,status_published,num_reactions,num_comments,num_shares,num_likes,num_loves,num_wows,num_hahas,num_sads,num_angrys
246675545449582_1649696485147474,video,4/22/2018 6:00,529,512,262,432,92,3,1,1,0
246675545449582_1649426988507757,photo,4/21/2018 22:45,150,0,0,150,0,0,0,0,0
246675545449582_1648730588577397,video,4/21/2018 6:17,227,236,57,204,21,1,1,0,0
246675545449582_1648576705259452,photo,4/21/2018 2:29,111,0,0,111,0,0,0,0,0
246675545449582_1645700502213739,photo,4/18/2018 3:22,213,0,0,204,9,0,0,0,0
246675545449582_1645650162218773,photo,4/18/2018 2:14,217,6,0,211,5,1,0,0,0
246675545449582_1645564175560705,video,4/18/2018 0:24,503,614,72,418,70,10,2,0,3
246675545449582_1644824665634656,video,4/17/2018 7:42,295,453,53,260,32,1,1,0,1
246675545449582_1644655795651543,photo,4/17/2018 3:33,203,1,0,198,5,0,0,0,0
246675545449582_1638788379571618,photo,4/11/2018 4:53,170,9,1,167,3,0,0,0,0
246675545449582_1637655039684952,photo,4/10/2018 1:01,210,2,3,202,7,1,0,0,0
246675545449582_1636730006444122,photo,4/9/2018 2:06,222,4,0,213,5,4,0,0,0
246675545449582_1635846033199186,photo,4/8/2018 5:10,313,4,2,305,6,2,0,0,0
246675545449582_1635730986544024,photo,4/8/2018 2:23,209,4,0,200,8,1,0,0,0
246675545449582_1632874756829647,photo,4/5/2018 9:23,346,11,0,335,10,1,0,0,0
246675545449582_1628507150599741,video,4/1/2018 5:16,332,100,30,303,23,1,5,0,0
246675545449582_1626584134125376,video,3/30/2018 8:28,135,256,79,117,18,0,0,0,0
246675545449582_1622470701203386,video,3/26/2018 8:28,150,173,47,132,16,1,0,1,0
246675545449582_1619188648198258,video,3/23/2018 7:09,221,166,36,192,28,0,1,0,0
246675545449582_1617858078331315,photo,3/22/2018 1:25,152,2,0,149,3,0,0,0,0
246675545449582_1617109651739491,photo,3/21/2018 8:40,234,15,1,221,12,1,0,0,0
246675545449582_1617051285078661,photo,3/21/2018 7:46,227,7,1,217,7,2,1,0,0
246675545449582_1615645795219210,photo,3/20/2018 1:54,98,0,0,96,0,2,0,0,0
246675545449582_1615629888554134,video,3/20/2018 1:28,18,0,0,18,0,0,0,0,0
246675545449582_1615585301891926,photo,3/20/2018 0:15,102,0,0,100,0,2,0,0,0
246675545449582_1615510251899431,video,3/19/2018 22:34,37,0,1,37,0,0,0,0,0
246675545449582_1612677855516004,video,3/17/2018 8:07,75,36,14,70,5,0,0,0,0
246675545449582_1612652492185207,video,3/17/2018 7:47,90,78,9,85,5,0,0,0,0
246675545449582_1607114469405676,photo,3/12/2018 5:51,145,9,0,138,7,0,0,0,0
246675545449582_1603834916400298,video,3/9/2018 7:45,253,300,31,229,22,1,1,0,0
246675545449582_1603743213076135,photo,3/9/2018 5:55,85,0,0,81,2,2,0,0,0
246675545449582_1601965753253881,video,3/7/2018 13:10,45,14,0,40,5,0,0,0,0
246675545449582_1601596129957510,photo,3/7/2018 6:13,92,0,0,85,4,2,1,0,0
246675545449582_1601516779965445,photo,3/7/2018 4:46,125,1,0,116,8,1,0,0,0
246675545449582_1599664246817365,photo,3/5/2018 8:32,119,4,0,116,3,0,0,0,0
246675545449582_1599393216844468,photo,3/5/2018 2:48,293,8,0,281,11,1,0,0,0
246675545449582_1596564337127356,video,3/2/2018 9:55,128,137,26,110,16,2,0,0,0
246675545449582_1594428064007650,photo,2/28/2018 8:19,84,15,13,78,5,1,0,0,0
246675545449582_1594137564036700,photo,2/28/2018 1:43,66,11,6,61,4,1,0,0,0
246675545449582_1592459934204463,video,2/26/2018 8:50,171,292,28,150,19,1,1,0,0
246675545449582_1591545580962565,video,2/25/2018 10:13,90,72,23,79,10,1,0,0,0
246675545449582_1587015831415540,video,2/21/2018 0:19,139,39,9,121,16,1,1,0,0
246675545449582_1585003828283407,video,2/19/2018 0:11,236,181,21,201,33,0,1,0,1
246675545449582_1584252028358587,video,2/18/2018 7:15,225,210,34,193,30,0,2,0,0
246675545449582_1583900568393733,photo,2/17/2018 22:30,275,12,0,260,11,4,0,0,0
246675545449582_1583080255142431,video,2/17/2018 4:15,372,456,37,334,31,1,1,1,4
246675545449582_1580958342021289,photo,2/15/2018 3:47,445,9,0,419,23,3,0,0,0
246675545449582_1580162495434207,video,2/14/2018 8:23,128,60,11,114,13,0,0,0,1
246675545449582_1578866802230443,video,2/13/2018 1:16,186,235,46,163,19,0,3,0,1
246675545449582_1577938978989892,video,2/12/2018 3:28,309,444,36,254,42,2,8,3,0
246675545449582_1577078175742639,photo,2/11/2018 5:55,77,11,3,75,2,0,0,0,0
246675545449582_1576207142496409,video,2/10/2018 7:54,119,72,28,103,16,0,0,0,0
246675545449582_1574973649286425,photo,2/9/2018 1:48,100,21,13,95,5,0,0,0,0
246675545449582_1574253679358422,video,2/8/2018 9:14,240,255,111,193,44,1,1,0,1
246675545449582_1573231492793974,video,2/7/2018 8:35,164,136,48,146,15,2,0,1,0
246675545449582_1572311072886016,video,2/6/2018 8:46,202,327,42,171,30,1,0,0,0
246675545449582_1571313049652485,video,2/5/2018 9:20,211,284,46,186,25,0,0,0,0
246675545449582_1570062096444247,video,2/4/2018 3:25,148,114,16,136,10,0,2,0,0
246675545449582_1569275653189558,video,2/3/2018 8:34,97,81,16,84,13,0,0,0,0
246675545449582_1568291729954617,video,2/2/2018 9:24,279,292,34,254,20,3,1,1,0
246675545449582_1568182719965518,photo,2/2/2018 7:08,263,8,0,245,14,4,0,0,0
246675545449582_1568125783304545,video,2/2/2018 6:01,177,193,34,151,25,1,0,0,0
246675545449582_1563157113801412,photo,1/28/2018 7:50,517,32,1,484,26,7,0,0,0
246675545449582_1563042160479574,video,1/28/2018 5:25,289,258,33,256,33,0,0,0,0
246675545449582_1561427387307718,photo,1/26/2018 13:03,66,13,0,65,1,0,0,0,0
246675545449582_1561426890641101,photo,1/26/2018 13:02,112,6,0,104,8,0,0,0,0
246675545449582_1561178647332592,video,1/26/2018 8:47,206,259,48,181,22,1,2,0,0
246675545449582_1560153374101786,video,1/25/2018 8:40,362,468,86,305,56,0,0,1,0
246675545449582_1558134034303720,video,1/23/2018 9:04,184,130,51,161,23,0,0,0,0
246675545449582_1557086421075148,video,1/22/2018 9:37,216,251,34,199,16,0,0,0,1
246675545449582_1557066321077158,video,1/22/2018 9:15,57,0,0,56,1,0,0,0,0
246675545449582_1556033787847078,video,1/21/2018 9:10,272,258,43,226,44,1,1,0,0
246675545449582_1555610941222696,video,1/20/2018 23:10,248,247,34,208,33,3,2,0,2
246675545449582_1555011641282626,video,1/20/2018 9:08,132,89,40,110,20,1,0,0,1
246675545449582_1553995058050951,video,1/19/2018 9:16,226,341,41,196,30,0,0,0,0
246675545449582_1553987821385008,video,1/19/2018 9:06,35,1,0,35,0,0,0,0,0
246675545449582_1552962021487588,video,1/18/2018 8:54,219,316,36,170,46,3,0,0,0
246675545449582_1552783698172087,video,1/18/2018 5:08,94,1,1,94,0,0,0,0,0
246675545449582_1551983908252066,video,1/17/2018 9:29,259,368,50,234,25,0,0,0,0
246675545449582_1551534661630324,video,1/16/2018 22:36,62,1,0,62,0,0,0,0,0
246675545449582_1551514168299040,video,1/16/2018 22:13,127,76,21,114,13,0,0,0,0
246675545449582_1550682265048897,video,1/16/2018 0:53,149,63,15,134,15,0,0,0,0
246675545449582_1548244011959389,video,1/13/2018 9:18,134,171,41,116,18,0,0,0,0
246675545449582_1546364775480646,video,1/11/2018 9:05,392,461,47,360,32,0,0,0,0
246675545449582_1545432958907161,video,1/10/2018 8:57,310,540,41,284,26,0,0,0,0
246675545449582_1537523323031458,photo,1/2/2018 23:05,14,3,0,12,2,0,0,0,0
246675545449582_1530240427093081,photo,12/26/2017 6:23,293,6,1,275,15,3,0,0,0
246675545449582_1527322154051575,photo,12/24/2017 10:28,236,12,0,226,8,1,1,0,0
246675545449582_1521905564593234,photo,12/21/2017 8:14,312,10,0,291,18,3,0,0,0
246675545449582_1502675606516230,photo,12/10/2017 23:28,24,12,0,24,0,0,0,0,0
246675545449582_1497272363723221,link,12/8/2017 2:37,16,9,0,15,1,0,0,0,0
246675545449582_1495724170544707,photo,12/7/2017 6:41,33,12,0,32,1,0,0,0,0
246675545449582_1492286100888514,photo,12/5/2017 1:25,675,10,0,645,29,1,0,0,0
246675545449582_1491577434292714,photo,12/4/2017 8:28,737,18,0,697,31,9,0,0,0
246675545449582_1490258864424571,photo,12/3/2017 1:40,572,16,0,554,16,2,0,0,0
246675545449582_1479588818824909,photo,11/22/2017 22:14,23,7,0,20,3,0,0,0,0
246675545449582_1477842952332829,photo,11/21/2017 1:37,266,25,0,250,11,5,0,0,0
246675545449582_1477788442338280,video,11/21/2017 0:22,378,512,30,348,27,2,0,0,1
246675545449582_1475847732532351,video,11/18/2017 22:32,421,709,30,373,45,2,0,1,0
246675545449582_1474958169287974,video,11/18/2017 1:23,1493,1979,753,1333,139,9,3,8,1
246675545449582_1472990009484790,photo,11/16/2017 0:01,76,17,0,76,0,0,0,0,0
246675545449582_1466481810135610,photo,11/9/2017 0:32,36,11,0,34,2,0,0,0,0
246675545449582_1460991780684613,photo,11/2/2017 21:22,19,8,0,18,0,0,1,0,0
246675545449582_1458408214276303,photo,10/30/2017 23:46,27,10,0,27,0,0,0,0,0
246675545449582_1454283141355477,photo,10/26/2017 12:02,117,2,53,108,9,0,0,0,0
246675545449582_1454277441356047,photo,10/26/2017 11:53,146,1,0,145,1,0,0,0,0
246675545449582_1453716178078840,photo,10/25/2017 22:45,166,0,13,151,7,0,0,8,0
246675545449582_1453707518079706,photo,10/25/2017 22:29,190,0,31,171,0,0,0,19,0
246675545449582_1452022754914849,photo,10/24/2017 3:55,217,16,0,213,4,0,0,0,0
246675545449582_1451936094923515,photo,10/24/2017 1:20,458,14,0,451,3,4,0,0,0
246675545449582_1451093285007796,photo,10/23/2017 3:52,553,15,0,538,12,3,0,0,0
246675545449582_1451078198342638,photo,10/23/2017 3:23,203,18,11,190,7,6,0,0,0
246675545449582_1450141395102985,photo,10/22/2017 0:38,1005,25,1,979,16,9,1,0,0
246675545449582_1450110585106066,video,10/21/2017 23:43,202,145,23,182,19,0,0,0,1
246675545449582_1449381378512320,photo,10/21/2017 3:19,428,14,0,419,4,5,0,0,0
246675545449582_1448675405249584,photo,10/20/2017 6:37,479,17,0,462,10,7,0,0,0
246675545449582_1448558785261246,video,10/20/2017 3:19,212,116,11,201,10,1,0,0,0
246675545449582_1447515715365553,video,10/19/2017 2:44,225,157,17,211,14,0,0,0,0
246675545449582_1446827718767686,video,10/18/2017 9:13,171,46,5,156,12,2,1,0,0
246675545449582_1446531832130608,video,10/18/2017 2:33,247,120,16,232,14,1,0,0,0
246675545449582_1445552635561861,video,10/17/2017 5:37,269,453,39,242,26,1,0,0,0
246675545449582_1445400822243709,video,10/17/2017 2:36,258,486,32,235,23,0,0,0,0
246675545449582_1445354408915017,photo,10/17/2017 1:47,109,2,1,104,5,0,0,0,0
246675545449582_1445261388924319,photo,10/16/2017 22:47,97,5,0,96,0,1,0,0,0
246675545449582_1444576748992783,video,10/16/2017 6:37,280,199,25,254,24,2,0,0,0
246675545449582_1444533065663818,video,10/16/2017 5:25,325,77,21,293,30,1,1,0,0
246675545449582_1444306942353097,photo,10/15/2017 22:58,51,11,0,51,0,0,0,0,0
246675545449582_1443547965762328,video,10/15/2017 2:27,280,825,47,243,35,1,1,0,0
246675545449582_1442942755822849,video,10/14/2017 10:37,688,0,0,632,34,0,0,22,0
246675545449582_1442580062525785,video,10/14/2017 3:35,365,805,46,320,39,1,3,0,2
246675545449582_1441410912642700,photo,10/12/2017 21:43,295,5,0,295,0,0,0,0,0
246675545449582_1440443499406108,photo,10/11/2017 22:21,27,14,0,26,1,0,0,0,0
246675545449582_1434870273296764,photo,10/6/2017 8:04,15,11,0,15,0,0,0,0,0
246675545449582_1433620366755088,photo,10/4/2017 23:19,16,12,0,16,0,0,0,0,0
246675545449582_1430023863781405,photo,10/1/2017 3:31,29,12,0,29,0,0,0,0,0
246675545449582_1429927933790998,video,10/1/2017 1:05,28,6,0,28,0,0,0,0,0
246675545449582_1428095953974196,photo,9/28/2017 23:21,8,8,0,8,0,0,0,0,0
246675545449582_1427202707396854,photo,9/28/2017 0:12,10,9,0,10,0,0,0,0,0
246675545449582_1426309230819535,photo,9/26/2017 22:39,39,8,0,39,0,0,0,0,0
246675545449582_1425407187576406,photo,9/25/2017 22:52,49,11,0,47,2,0,0,0,0
246675545449582_1423676417749483,video,9/24/2017 1:58,226,449,37,189,25,1,1,10,0
246675545449582_1423672414416550,video,9/24/2017 1:52,104,49,13,91,12,0,0,1,0
246675545449582_1422896067827518,photo,9/23/2017 3:56,251,17,0,244,7,0,0,0,0
246675545449582_1422753927841732,video,9/23/2017 0:09,244,589,48,213,29,1,1,0,0
246675545449582_1422162634567528,video,9/22/2017 8:48,252,558,41,204,45,1,1,0,1
246675545449582_1421238677993257,video,9/21/2017 8:22,121,15,4,114,4,2,1,0,0
246675545449582_1420966601353798,photo,9/21/2017 1:50,321,5,0,307,11,2,1,0,0
246675545449582_1420888391361619,photo,9/21/2017 0:26,103,8,3,99,4,0,0,0,0
246675545449582_1420827441367714,video,9/20/2017 23:43,136,31,16,122,14,0,0,0,0
246675545449582_1420707958046329,video,9/20/2017 21:25,337,247,27,300,35,1,1,0,0
246675545449582_1420240374759754,photo,9/20/2017 9:47,648,13,0,627,18,3,0,0,0
246675545449582_1419833428133782,video,9/20/2017 0:19,175,157,14,157,18,0,0,0,0
246675545449582_1419167851533673,video,9/19/2017 7:39,339,424,36,296,38,1,4,0,0
246675545449582_1419130778204047,photo,9/19/2017 6:44,341,3,0,331,8,2,0,0,0
246675545449582_1418903018226823,video,9/19/2017 0:40,177,131,27,150,27,0,0,0,0
246675545449582_1413298985453893,photo,9/13/2017 3:48,201,0,0,195,4,2,0,0,0
246675545449582_1413090338808091,photo,9/12/2017 22:34,43,7,0,41,2,0,0,0,0
246675545449582_1411323222318136,photo,9/11/2017 6:14,40,7,0,39,1,0,0,0,0
246675545449582_1408385109278614,photo,9/7/2017 22:52,58,14,0,57,1,0,0,0,0
246675545449582_1407672699349855,video,9/7/2017 4:21,403,525,42,363,36,1,3,0,0
246675545449582_1407589059358219,photo,9/7/2017 2:02,148,4,3,144,4,0,0,0,0
246675545449582_1407502582700200,photo,9/6/2017 23:14,150,24,2,144,6,0,0,0,0
246675545449582_1406975012752957,photo,9/6/2017 7:33,53,12,0,53,0,0,0,0,0
246675545449582_1406936809423444,status,9/6/2017 6:22,144,15,8,140,4,0,0,0,0
246675545449582_1406839432766515,video,9/6/2017 3:48,298,491,46,262,34,2,0,0,0
246675545449582_1406792459437879,photo,9/6/2017 2:02,171,4,1,166,5,0,0,0,0
246675545449582_1404391233011335,photo,9/3/2017 5:39,4410,633,257,4315,73,17,5,0,0
246675545449582_1401614789955646,video,8/31/2017 8:50,374,588,46,327,47,0,0,0,0
246675545449582_1400641396719652,photo,8/30/2017 8:38,181,20,0,180,1,0,0,0,0
246675545449582_1397536097030182,photo,8/27/2017 9:46,267,20,1,249,8,10,0,0,0
246675545449582_1397278180389307,photo,8/27/2017 4:54,60,7,0,59,1,0,0,0,0
246675545449582_1395111113939347,photo,8/25/2017 7:36,98,23,5,95,2,1,0,0,0
246675545449582_1394887663961692,video,8/25/2017 2:29,26,7,0,26,0,0,0,0,0
246675545449582_1393786207405171,photo,8/24/2017 2:18,255,18,0,244,11,0,0,0,0
246675545449582_1392897467494045,photo,8/23/2017 6:15,174,6,1,167,5,2,0,0,0
246675545449582_1392132690903856,photo,8/22/2017 10:59,64,5,1,59,5,0,0,0,0
246675545449582_1392113310905794,photo,8/22/2017 10:32,62,3,0,58,4,0,0,0,0
246675545449582_1391704667613325,video,8/22/2017 1:40,192,417,40,168,22,1,1,0,0
246675545449582_1391646507619141,photo,8/22/2017 0:09,110,18,6,110,0,0,0,0,0
246675545449582_1391645867619205,photo,8/22/2017 0:08,119,12,7,117,2,0,0,0,0
246675545449582_1389882727795519,photo,8/20/2017 4:41,42,11,0,41,0,1,0,0,0
246675545449582_1389639647819827,video,8/19/2017 23:14,234,355,34,178,52,2,0,1,1
246675545449582_1388231731293952,photo,8/18/2017 11:35,54,10,0,53,1,0,0,0,0
246675545449582_1388230471294078,photo,8/18/2017 11:33,82,8,0,80,1,0,0,1,0
246675545449582_1388082824642176,photo,8/18/2017 8:36,18,8,0,18,0,0,0,0,0
246675545449582_1385237634926695,photo,8/15/2017 9:58,147,17,7,141,5,1,0,0,0
246675545449582_1385219348261857,photo,8/15/2017 9:31,80,8,0,79,1,0,0,0,0
246675545449582_1384098221707303,video,8/14/2017 7:41,299,564,42,262,34,1,1,0,1
246675545449582_1382019818581810,photo,8/12/2017 2:40,629,11,1,607,18,4,0,0,0
246675545449582_1381793938604398,photo,8/11/2017 20:41,69,2,0,67,2,0,0,0,0
246675545449582_1381004085350050,video,8/11/2017 0:27,219,110,17,190,26,1,2,0,0
246675545449582_1380978478685944,photo,8/10/2017 23:39,30,2,0,27,3,0,0,0,0
246675545449582_1380462345404224,photo,8/10/2017 9:17,65,1,0,62,2,1,0,0,0
246675545449582_1380211685429290,photo,8/10/2017 3:03,161,7,0,153,8,0,0,0,0
246675545449582_1380140728769719,video,8/10/2017 1:24,398,605,30,348,44,3,3,0,0
246675545449582_1379424162174709,photo,8/9/2017 5:14,47,7,0,47,0,0,0,0,0
246675545449582_1379278652189260,photo,8/9/2017 1:45,182,3,4,177,5,0,0,0,0
246675545449582_1379165728867219,video,8/8/2017 22:24,317,158,32,269,47,1,0,0,0
246675545449582_1378449768938815,video,8/8/2017 5:13,571,888,107,459,107,1,1,1,2
246675545449582_1377472849036507,photo,8/7/2017 9:18,16,10,0,15,1,0,0,0,0
246675545449582_1375841469199645,photo,8/6/2017 1:08,30,9,0,30,0,0,0,0,0
246675545449582_1375825209201271,photo,8/6/2017 0:36,57,7,0,57,0,0,0,0,0
246675545449582_1374922852624840,photo,8/5/2017 1:44,74,6,3,74,0,0,0,0,0
246675545449582_1373053352811790,video,8/3/2017 4:50,368,911,50,317,50,1,0,0,0
246675545449582_1373040689479723,photo,8/3/2017 4:31,19,3,0,19,0,0,0,0,0
246675545449582_1372717162845409,photo,8/2/2017 22:18,176,3,0,175,0,1,0,0,0
246675545449582_1372031632913962,photo,8/2/2017 6:02,133,7,0,133,0,0,0,0,0
246675545449582_1371921179591674,photo,8/2/2017 2:54,162,6,2,158,3,1,0,0,0
246675545449582_1371785262938599,video,8/1/2017 23:33,734,996,73,601,116,11,6,0,0
246675545449582_1370957466354712,status,8/1/2017 0:57,42,16,9,41,1,0,0,0,0
246675545449582_1370352769748515,status,7/31/2017 9:50,33,6,3,31,2,0,0,0,0
246675545449582_1367261536724305,video,7/28/2017 1:10,29,6,1,29,0,0,0,0,0
246675545449582_1367178110065981,photo,7/27/2017 22:48,43,6,0,42,1,0,0,0,0
246675545449582_1366562330127559,photo,7/27/2017 8:08,14,6,0,13,1,0,0,0,0
246675545449582_1365608996889559,video,7/26/2017 9:01,475,574,48,406,63,4,2,0,0
246675545449582_1365207070263085,photo,7/25/2017 23:18,50,8,2,49,1,0,0,0,0
246675545449582_1365188530264939,photo,7/25/2017 22:46,94,23,6,94,0,0,0,0,0
246675545449582_1361306617319797,video,7/22/2017 8:50,303,34,3,291,11,1,0,0,0
246675545449582_1361198480663944,photo,7/22/2017 7:08,168,7,1,167,1,0,0,0,0
246675545449582_1360915977358861,photo,7/21/2017 23:32,248,14,0,241,7,0,0,0,0
246675545449582_1360313524085773,photo,7/21/2017 8:52,422,6,0,410,8,3,1,0,0
246675545449582_1360110617439397,photo,7/21/2017 4:20,189,3,0,184,2,0,3,0,0
246675545449582_1360055367444922,photo,7/21/2017 2:59,390,17,2,382,5,3,0,0,0
246675545449582_1359829454134180,photo,7/20/2017 23:30,618,28,0,597,14,7,0,0,0
246675545449582_1359179027532556,photo,7/20/2017 8:59,191,2,2,188,2,1,0,0,0
246675545449582_1356963477754111,video,7/18/2017 7:53,321,1381,67,275,44,1,1,0,0
246675545449582_1354347211349071,photo,7/16/2017 2:18,364,7,2,347,15,2,0,0,0
246675545449582_1351151295001996,photo,7/13/2017 0:11,51,10,0,51,0,0,0,0,0
246675545449582_1350461668404292,video,7/12/2017 7:59,282,524,38,247,34,0,1,0,0
246675545449582_1347432472040545,photo,7/9/2017 7:26,369,14,1,362,7,0,0,0,0
246675545449582_1346580615459064,photo,7/8/2017 8:41,138,16,6,133,4,1,0,0,0
246675545449582_1343559165761209,photo,7/5/2017 9:15,96,9,1,93,1,2,0,0,0
246675545449582_1342399675877158,photo,7/4/2017 5:55,186,11,0,184,1,1,0,0,0
246675545449582_1342236625893463,photo,7/4/2017 1:30,487,15,0,461,14,12,0,0,0
246675545449582_1342150709235388,video,7/3/2017 23:23,282,19,4,257,20,3,2,0,0
246675545449582_1332714503512342,photo,6/26/2017 4:06,383,8,1,367,13,3,0,0,0
246675545449582_1332163873567405,photo,6/25/2017 11:49,216,0,1,211,5,0,0,0,0
246675545449582_1332070653576727,photo,6/25/2017 9:47,48,0,0,45,2,1,0,0,0
246675545449582_1331955210254938,video,6/25/2017 7:42,885,462,26,659,220,0,2,0,0
246675545449582_1331929853590807,photo,6/25/2017 7:02,185,11,1,175,10,0,0,0,0
246675545449582_1331853133598479,photo,6/25/2017 4:58,259,1,1,251,7,0,1,0,0
246675545449582_1331760736941052,photo,6/25/2017 2:48,299,9,0,291,8,0,0,0,0
246675545449582_1331658313617961,photo,6/24/2017 23:41,199,9,1,186,13,0,0,0,0
246675545449582_1330910960359363,photo,6/24/2017 4:34,717,40,1,680,30,7,0,0,0
246675545449582_1329160057201120,photo,6/22/2017 6:34,155,2,0,150,5,0,0,0,0
246675545449582_1328148713968921,photo,6/21/2017 4:15,293,8,0,282,11,0,0,0,0
246675545449582_1325518754231917,photo,6/18/2017 11:48,243,6,0,237,5,1,0,0,0
246675545449582_1320853268031799,photo,6/13/2017 23:17,264,2,0,256,2,5,0,0,0
246675545449582_1319907678126358,photo,6/13/2017 1:31,313,3,0,297,7,6,0,0,0
246675545449582_1319282378188888,photo,6/12/2017 9:38,208,1,0,201,7,0,0,0,0
246675545449582_1319278494855943,photo,6/12/2017 9:33,216,0,0,209,6,1,0,0,0
246675545449582_1319045328212593,photo,6/12/2017 5:08,247,6,0,234,9,1,0,0,0
246675545449582_1318896854894107,photo,6/12/2017 1:38,152,1,0,146,5,1,0,0,0
246675545449582_1318160668301059,photo,6/11/2017 7:04,387,3,0,368,16,1,0,0,0
246675545449582_1317164368400689,photo,6/10/2017 8:19,178,9,0,170,6,0,0,0,0
246675545449582_1317039571746502,photo,6/10/2017 6:00,218,4,0,212,5,1,0,0,0
246675545449582_1316848781765581,photo,6/10/2017 1:08,270,3,0,256,10,3,0,0,0
246675545449582_1315331711917288,photo,6/8/2017 9:26,351,4,1,344,6,0,0,0,0
246675545449582_1315158578601268,photo,6/8/2017 5:29,232,0,2,224,8,0,0,0,0
246675545449582_1315153498601776,photo,6/8/2017 5:22,252,3,0,244,4,4,0,0,0
246675545449582_1315090955274697,photo,6/8/2017 3:27,122,0,0,114,8,0,0,0,0
246675545449582_1314302952020164,photo,6/7/2017 7:28,209,4,0,199,9,1,0,0,0
246675545449582_1314133352037124,photo,6/7/2017 2:36,305,5,1,295,10,0,0,0,0
246675545449582_1312235792226880,photo,6/5/2017 6:43,71,10,2,70,1,0,0,0,0
246675545449582_1306375336146259,photo,5/30/2017 1:21,290,12,0,275,13,1,1,0,0
246675545449582_1298172296966563,photo,5/21/2017 23:05,67,6,3,66,0,1,0,0,0
246675545449582_1297316837052109,photo,5/21/2017 5:53,783,11,0,752,30,1,0,0,0
246675545449582_1289646377819155,photo,5/14/2017 3:14,77,2,0,76,1,0,0,0,0
246675545449582_1288754317908361,video,5/13/2017 3:21,22,0,0,22,0,0,0,0,0
246675545449582_1287866294663830,photo,5/12/2017 4:17,103,0,0,100,2,1,0,0,0
246675545449582_1286953054755154,video,5/11/2017 3:55,32,0,2,32,0,0,0,0,0
246675545449582_1286800308103762,photo,5/10/2017 22:46,239,5,2,229,8,0,0,2,0
246675545449582_1285927694857690,photo,5/10/2017 2:48,111,6,0,110,1,0,0,0,0
246675545449582_1283769161740210,video,5/8/2017 9:57,51,0,1,51,0,0,0,0,0
246675545449582_1303369639780162,video,5/8/2017 9:42,34,4,0,34,0,0,0,0,0
246675545449582_1280453208738472,link,5/5/2017 23:27,15,0,0,15,0,0,0,0,0
246675545449582_1279507272166399,video,5/5/2017 5:12,75,0,5,75,0,0,0,0,0
246675545449582_1278450792272047,photo,5/4/2017 8:07,177,2,0,173,2,2,0,0,0
246675545449582_1278061308977662,photo,5/4/2017 0:29,520,8,0,505,13,2,0,0,0
246675545449582_1276088762508250,photo,5/2/2017 10:11,134,2,0,132,2,0,0,0,0
246675545449582_1276013659182427,photo,5/2/2017 8:50,228,1,1,220,7,1,0,0,0
246675545449582_1274485052668621,video,5/1/2017 0:35,498,254,17,408,77,5,6,1,1
246675545449582_1272251959558597,photo,4/29/2017 0:40,166,5,2,159,7,0,0,0,0
246675545449582_1270221603094966,video,4/27/2017 3:14,272,265,20,228,44,0,0,0,0
246675545449582_1270186029765190,photo,4/27/2017 2:23,127,7,1,125,2,0,0,0,0
246675545449582_1269477749836018,photo,4/26/2017 8:35,30,0,0,29,0,1,0,0,0
246675545449582_1269093463207780,link,4/26/2017 0:11,33,1,1,33,0,0,0,0,0
246675545449582_1265081296942330,photo,4/22/2017 1:20,252,5,0,239,9,4,0,0,0
246675545449582_1264410220342771,photo,4/21/2017 9:05,287,0,0,286,0,1,0,0,0
246675545449582_1263257983791328,photo,4/20/2017 7:34,264,8,3,257,5,2,0,0,0
246675545449582_1263186560465137,photo,4/20/2017 6:12,152,5,1,148,3,1,0,0,0
246675545449582_1263178873799239,photo,4/20/2017 6:03,61,5,0,57,3,1,0,0,0
246675545449582_1263174217133038,video,4/20/2017 5:58,172,7,7,163,6,2,1,0,0
246675545449582_1262985247151935,video,4/20/2017 2:36,616,523,21,459,125,21,8,0,1
246675545449582_1262105903906536,photo,4/19/2017 9:17,188,0,0,184,4,0,0,0,0
246675545449582_1262034897246970,video,4/19/2017 8:02,593,309,23,484,99,1,4,4,1
246675545449582_1260586510725142,photo,4/18/2017 1:33,189,2,0,182,5,2,0,0,0
246675545449582_1259500860833707,photo,4/17/2017 1:41,178,5,0,175,3,0,0,0,0
246675545449582_1256629337787526,photo,4/14/2017 9:19,318,7,0,313,4,1,0,0,0
246675545449582_1255176157932844,photo,4/12/2017 22:27,362,9,0,352,7,3,0,0,0
246675545449582_1254118221371971,photo,4/12/2017 0:17,48,6,0,48,0,0,0,0,0
246675545449582_1254116288038831,photo,4/12/2017 0:15,248,1,0,244,3,1,0,0,0
246675545449582_1253313294785797,photo,4/11/2017 5:11,520,2,0,509,11,0,0,0,0
246675545449582_1253204511463342,photo,4/11/2017 1:51,97,8,2,94,3,0,0,0,0
246675545449582_1251371934979933,photo,4/9/2017 3:51,400,16,0,392,6,2,0,0,0
246675545449582_1250654545051672,photo,4/8/2017 11:38,218,0,0,212,6,0,0,0,0
246675545449582_1250548631728930,photo,4/8/2017 9:51,77,13,4,77,0,0,0,0,0
246675545449582_1250132478437212,photo,4/8/2017 1:09,204,4,0,198,3,3,0,0,0
246675545449582_1248887611895032,photo,4/7/2017 0:08,405,6,0,399,6,0,0,0,0
246675545449582_1248175795299547,photo,4/6/2017 8:24,210,0,0,204,6,0,0,0,0
246675545449582_1247680408682419,photo,4/5/2017 22:52,214,1,0,208,5,1,0,0,0
246675545449582_1246920978758362,photo,4/5/2017 6:51,374,4,0,360,7,7,0,0,0
246675545449582_1246913488759111,photo,4/5/2017 6:44,457,3,0,444,10,3,0,0,0
246675545449582_1246883542095439,photo,4/5/2017 6:01,215,0,0,205,8,2,0,0,0
246675545449582_1246498245467302,video,4/4/2017 20:19,7,5,0,7,0,0,0,0,0
246675545449582_1244826458967814,photo,4/3/2017 9:06,38,6,3,38,0,0,0,0,0
246675545449582_1242543832529410,photo,4/1/2017 9:13,168,1,0,168,0,0,0,0,0
246675545449582_1242501812533612,photo,4/1/2017 8:34,277,0,0,274,2,1,0,0,0
246675545449582_1241445855972541,photo,3/31/2017 10:29,196,1,0,190,6,0,0,0,0
246675545449582_1241037512680042,photo,3/31/2017 4:04,100,3,0,99,1,0,0,0,0
246675545449582_1240323252751468,photo,3/30/2017 10:11,85,4,0,79,4,2,0,0,0
246675545449582_1239409519509508,photo,3/29/2017 9:13,34,10,6,34,0,0,0,0,0
246675545449582_1237408416376285,photo,3/27/2017 7:30,41,9,0,39,1,1,0,0,0
246675545449582_1237407966376330,photo,3/27/2017 7:28,23,5,1,22,1,0,0,0,0
246675545449582_1236222419828218,video,3/26/2017 0:47,217,24,5,206,10,1,0,0,0
246675545449582_1235278706589256,photo,3/25/2017 1:22,161,9,2,158,3,0,0,0,0
246675545449582_1235186376598489,photo,3/24/2017 23:03,279,0,0,276,3,0,0,0,0
246675545449582_1233650100085450,photo,3/23/2017 8:13,97,9,3,95,2,0,0,0,0
246675545449582_1233223386794788,photo,3/22/2017 21:06,489,3,0,480,6,3,0,0,0
246675545449582_1232468266870300,photo,3/22/2017 4:00,245,4,0,242,3,0,0,0,0
246675545449582_1231639473619846,photo,3/21/2017 8:48,270,5,0,268,2,0,0,0,0
246675545449582_1231490300301430,photo,3/21/2017 5:14,166,11,1,165,1,0,0,0,0
246675545449582_1231328130317647,video,3/21/2017 1:20,121,18,3,110,11,0,0,0,0
246675545449582_1231287666988360,photo,3/21/2017 0:24,33,9,1,33,0,0,0,0,0
246675545449582_1231287606988366,photo,3/21/2017 0:23,72,1,0,72,0,0,0,0,0
246675545449582_1231280986989028,photo,3/21/2017 0:13,174,0,0,173,1,0,0,0,0
246675545449582_1231257093658084,photo,3/20/2017 23:19,192,0,0,186,3,3,0,0,0
246675545449582_1231242440326216,video,3/20/2017 22:50,286,61,5,250,30,5,1,0,0
246675545449582_1231206533663140,photo,3/20/2017 21:46,231,0,0,230,0,1,0,0,0
246675545449582_1231206253663168,photo,3/20/2017 21:46,138,1,0,135,2,1,0,0,0
246675545449582_1230590363724757,photo,3/20/2017 4:56,104,6,1,102,2,0,0,0,0
246675545449582_1230583823725411,photo,3/20/2017 4:43,91,10,4,90,0,1,0,0,0
246675545449582_1230346027082524,photo,3/19/2017 21:39,682,22,0,657,12,13,0,0,0
246675545449582_1229012967215830,video,3/18/2017 9:09,1379,769,69,1131,234,4,4,2,4
246675545449582_1228848210565639,photo,3/18/2017 5:10,629,16,1,610,16,2,1,0,0
246675545449582_1226281594155634,video,3/15/2017 5:51,58,4,3,58,0,0,0,0,0
246675545449582_1225558117561315,photo,3/14/2017 9:10,272,9,0,268,2,2,0,0,0
246675545449582_1225220974261696,photo,3/14/2017 0:42,213,2,2,207,6,0,0,0,0
246675545449582_1224187674365026,photo,3/13/2017 0:46,225,2,0,220,5,0,0,0,0
246675545449582_1224030577714069,photo,3/12/2017 23:45,463,48,2,450,8,4,1,0,0
246675545449582_1223199424463851,photo,3/12/2017 2:52,285,7,0,276,8,1,0,0,0
246675545449582_1223157987801328,photo,3/12/2017 1:41,526,18,0,512,12,2,0,0,0
246675545449582_1223077674476026,photo,3/11/2017 23:26,418,4,0,406,9,3,0,0,0
246675545449582_1222413617875765,photo,3/11/2017 8:04,515,10,0,505,9,0,1,0,0
246675545449582_1222412677875859,photo,3/11/2017 8:02,377,5,0,365,10,2,0,0,0
246675545449582_1222237971226663,photo,3/11/2017 3:13,1186,37,1,1161,19,6,0,0,0
246675545449582_1221151348001992,video,3/9/2017 22:56,591,560,49,498,84,3,4,1,1
246675545449582_1216734251777035,photo,3/5/2017 10:03,424,8,1,411,13,0,0,0,0
246675545449582_1215880921862368,photo,3/4/2017 12:13,119,16,0,105,0,0,0,8,6
246675545449582_1215763855207408,photo,3/4/2017 9:33,67,9,0,66,1,0,0,0,0
246675545449582_1215755788541548,photo,3/4/2017 9:22,439,10,3,424,15,0,0,0,0
246675545449582_1215755648541562,status,3/4/2017 9:22,1043,117,24,984,58,1,0,0,0
246675545449582_1215751681875292,photo,3/4/2017 9:17,690,10,0,667,21,2,0,0,0
246675545449582_1213633825420411,status,3/2/2017 0:52,84,7,1,84,0,0,0,0,0
246675545449582_1212815102168950,photo,3/1/2017 1:27,491,16,0,478,11,2,0,0,0
246675545449582_1211991745584619,photo,2/28/2017 2:45,63,1,0,61,0,2,0,0,0
246675545449582_1211406398976487,link,2/27/2017 10:53,46,3,1,46,0,0,0,0,0
246675545449582_1208615195922274,photo,2/24/2017 9:12,320,17,0,309,9,1,1,0,0
246675545449582_1206677249449402,video,2/22/2017 2:51,51,8,6,51,0,0,0,0,0
246675545449582_1204775666306227,photo,2/20/2017 1:13,85,9,2,83,2,0,0,0,0
246675545449582_1204766949640432,photo,2/20/2017 1:02,99,13,0,98,1,0,0,0,0
246675545449582_1202681639848963,photo,2/17/2017 22:28,213,13,1,212,1,0,0,0,0
246675545449582_1200635193386941,photo,2/16/2017 5:37,156,12,0,154,2,0,0,0,0
246675545449582_1199699436813850,video,2/15/2017 9:11,204,128,4,184,17,0,2,1,0
246675545449582_1199487093501751,photo,2/15/2017 3:08,246,8,0,241,3,2,0,0,0
246675545449582_1198739810243146,photo,2/14/2017 7:41,225,2,0,219,6,0,0,0,0
246675545449582_1198573446926449,video,2/14/2017 4:01,256,427,30,191,62,1,2,0,0
246675545449582_1198444310272696,photo,2/14/2017 0:17,146,1,0,142,2,2,0,0,0
246675545449582_1197655157018278,photo,2/13/2017 1:54,212,0,1,206,5,0,1,0,0
246675545449582_1196791003771360,photo,2/12/2017 1:05,229,3,0,225,4,0,0,0,0
246675545449582_1196036140513513,photo,2/11/2017 4:26,66,2,0,64,1,1,0,0,0
246675545449582_1196034470513680,photo,2/11/2017 4:22,158,0,0,157,1,0,0,0,0
246675545449582_1195868550530272,photo,2/10/2017 23:58,301,7,0,288,6,6,0,1,0
246675545449582_1195835127200281,video,2/10/2017 22:58,88,1,0,87,1,0,0,0,0
246675545449582_1195826603867800,video,2/10/2017 22:43,148,54,2,126,18,4,0,0,0
246675545449582_1194979570619170,photo,2/9/2017 23:35,398,11,0,390,4,4,0,0,0
246675545449582_1194152324035228,photo,2/9/2017 3:00,89,4,0,86,3,0,0,0,0
246675545449582_1194152114035249,photo,2/9/2017 3:00,151,0,0,146,3,2,0,0,0
246675545449582_1193948517388942,photo,2/8/2017 21:30,155,5,0,152,2,0,1,0,0
246675545449582_1193370614113399,video,2/8/2017 7:20,109,13,0,104,5,0,0,0,0
246675545449582_1193100794140381,video,2/7/2017 23:56,117,16,0,104,11,2,0,0,0
246675545449582_1193098504140610,video,2/7/2017 23:54,112,7,0,101,11,0,0,0,0
246675545449582_1193082417475552,photo,2/7/2017 23:26,132,3,0,123,5,4,0,0,0
246675545449582_1193081934142267,photo,2/7/2017 23:25,149,3,0,142,5,2,0,0,0
246675545449582_1192627357521058,photo,2/7/2017 12:37,274,9,0,260,11,2,1,0,0
246675545449582_1192593007524493,video,2/7/2017 11:54,195,95,5,162,30,0,3,0,0
246675545449582_1192139650903162,video,2/7/2017 1:35,138,25,2,125,11,2,0,0,0
246675545449582_1191470297636764,video,2/6/2017 9:52,627,266,8,519,105,2,0,1,0
246675545449582_1187218114728649,photo,2/2/2017 5:18,289,23,0,279,7,3,0,0,0
246675545449582_1186387618145032,photo,2/1/2017 6:25,209,10,0,204,4,1,0,0,0
246675545449582_1186230391494088,video,2/1/2017 1:49,162,75,6,145,16,0,1,0,0
246675545449582_1185479421569185,photo,1/31/2017 5:46,265,11,0,259,6,0,0,0,0
246675545449582_1184777364972724,photo,1/30/2017 8:20,301,10,0,294,6,1,0,0,0
246675545449582_1183760258407768,photo,1/29/2017 1:43,213,5,0,209,4,0,0,0,0
246675545449582_1183759621741165,photo,1/29/2017 1:41,210,3,0,206,4,0,0,0,0
246675545449582_1182845348499259,photo,1/27/2017 21:41,408,11,0,393,9,6,0,0,0
246675545449582_1175029279280866,photo,1/20/2017 8:15,223,6,0,215,7,1,0,0,0
246675545449582_1174777059306088,photo,1/20/2017 0:05,359,4,0,353,5,1,0,0,0
246675545449582_1174655055984955,photo,1/19/2017 20:31,535,2,0,485,27,0,0,23,0
246675545449582_1173110559472738,photo,1/18/2017 5:09,362,10,0,354,8,0,0,0,0
246675545449582_1171413546309106,video,1/16/2017 8:09,266,165,10,215,42,3,4,2,0
246675545449582_1170579266392534,photo,1/15/2017 9:45,156,2,0,151,5,0,0,0,0
246675545449582_1170378916412569,video,1/15/2017 4:01,110,21,0,102,6,1,1,0,0
246675545449582_1170184399765354,video,1/14/2017 22:34,446,6148,120,352,80,7,5,0,2
246675545449582_1170144596436001,status,1/14/2017 21:23,102,1,0,102,0,0,0,0,0
246675545449582_1169554633161664,photo,1/14/2017 6:34,161,6,0,158,3,0,0,0,0
246675545449582_1169527336497727,photo,1/14/2017 5:44,279,8,0,273,6,0,0,0,0
246675545449582_1168502879933506,photo,1/13/2017 4:16,288,6,0,281,5,2,0,0,0
246675545449582_1167223483394779,photo,1/11/2017 23:58,230,8,0,221,8,1,0,0,0
246675545449582_1166277320156062,photo,1/11/2017 0:23,271,12,0,262,6,3,0,0,0
246675545449582_1166276610156133,photo,1/11/2017 0:21,113,2,1,107,3,2,0,1,0
246675545449582_1165505946899866,video,1/10/2017 1:40,256,103,16,205,47,1,2,0,1
246675545449582_1164079123709215,photo,1/8/2017 9:15,306,4,0,301,3,2,0,0,0
246675545449582_1164073297043131,photo,1/8/2017 9:03,566,10,0,548,4,14,0,0,0
246675545449582_1164009767049484,photo,1/8/2017 7:44,186,1,1,184,0,2,0,0,0
246675545449582_1164006150383179,video,1/8/2017 7:40,135,9,2,118,10,4,2,1,0
246675545449582_1163966020387192,video,1/8/2017 6:30,174,195,3,146,18,5,4,1,0
246675545449582_1163738290409965,video,1/7/2017 23:09,171,84,4,159,10,2,0,0,0
246675545449582_1163132137137247,photo,1/7/2017 5:04,373,8,0,365,5,3,0,0,0
246675545449582_1163021547148306,photo,1/7/2017 1:52,403,5,0,392,8,3,0,0,0
246675545449582_1162290423888085,photo,1/6/2017 5:10,139,14,0,138,1,0,0,0,0
246675545449582_1162103183906809,photo,1/6/2017 4:29,148,16,5,146,1,1,0,0,0
246675545449582_1159787837471677,photo,1/3/2017 3:55,270,8,0,265,4,1,0,0,0
246675545449582_1159578674159260,photo,1/2/2017 21:13,343,8,0,334,7,1,1,0,0
246675545449582_1159059407544520,photo,1/2/2017 8:25,254,5,0,252,2,0,0,0,0
246675545449582_1157109567739504,photo,12/31/2016 5:13,304,9,6,298,5,1,0,0,0
246675545449582_1156436197806841,photo,12/30/2016 9:37,437,6,0,433,4,0,0,0,0
246675545449582_1155481771235617,photo,12/29/2016 6:26,412,4,2,399,13,0,0,0,0
246675545449582_1153511178099343,photo,12/26/2016 22:07,183,11,0,175,6,2,0,0,0
246675545449582_1153045071479287,photo,12/26/2016 8:50,353,8,2,342,9,1,1,0,0
246675545449582_1152934644823663,photo,12/26/2016 5:17,144,14,1,142,2,0,0,0,0
246675545449582_1152913828159078,photo,12/26/2016 4:28,905,10,5,876,21,8,0,0,0
246675545449582_1152110821572712,video,12/25/2016 6:17,151,19,2,129,18,2,1,1,0
246675545449582_1151900288260432,photo,12/25/2016 0:26,276,4,0,264,8,3,1,0,0
246675545449582_1151226804994447,photo,12/24/2016 7:59,227,3,4,218,8,1,0,0,0
246675545449582_1150847395032388,video,12/24/2016 0:15,340,1201,47,276,55,1,6,1,1
246675545449582_1150804555036672,photo,12/23/2016 23:17,478,12,0,463,11,4,0,0,0
246675545449582_1150189498431511,photo,12/23/2016 9:10,189,22,2,185,3,1,0,0,0
246675545449582_1149785171805277,photo,12/22/2016 23:15,211,7,0,207,4,0,0,0,0
246675545449582_1148908718559589,photo,12/22/2016 2:06,296,2,0,293,3,0,0,0,0
246675545449582_1148872305229897,video,12/22/2016 1:07,113,15,1,100,9,1,1,2,0
246675545449582_1148811685235959,photo,12/21/2016 23:08,113,2,0,109,4,0,0,0,0
246675545449582_1148804495236678,video,12/21/2016 22:53,133,19,2,115,13,4,1,0,0
246675545449582_1148778498572611,photo,12/21/2016 22:27,223,3,0,213,5,5,0,0,0
246675545449582_1148294565287671,photo,12/21/2016 10:13,322,8,1,311,8,3,0,0,0
246675545449582_1148113975305730,photo,12/21/2016 5:59,235,3,0,230,4,0,1,0,0
246675545449582_1148100295307098,photo,12/21/2016 5:45,163,1,0,160,3,0,0,0,0
246675545449582_1148092638641197,photo,12/21/2016 5:36,373,4,3,367,5,1,0,0,0
246675545449582_1148031001980694,video,12/21/2016 4:24,249,147,8,193,50,2,4,0,0
246675545449582_1148003018650159,photo,12/21/2016 3:42,129,2,0,123,5,1,0,0,0
246675545449582_1147904175326710,photo,12/21/2016 0:58,245,7,0,234,6,4,0,1,0
246675545449582_1147875258662935,photo,12/21/2016 0:10,272,9,0,264,6,2,0,0,0
246675545449582_1147854628664998,video,12/20/2016 23:43,239,127,7,189,47,0,3,0,0
246675545449582_1147205385396589,photo,12/20/2016 8:47,135,9,1,131,3,1,0,0,0
246675545449582_1147185192065275,photo,12/20/2016 8:20,333,44,0,325,6,2,0,0,0
246675545449582_1147006065416521,photo,12/20/2016 3:45,96,3,0,94,2,0,0,0,0
246675545449582_1146994878750973,photo,12/20/2016 3:25,210,7,0,203,7,0,0,0,0
246675545449582_1146940198756441,video,12/20/2016 1:42,154,72,6,124,24,3,2,1,0
246675545449582_1146916275425500,photo,12/20/2016 0:57,192,8,0,189,3,0,0,0,0
246675545449582_1146771785439949,photo,12/19/2016 20:32,152,2,0,151,1,0,0,0,0
246675545449582_1146305782153216,photo,12/19/2016 8:33,222,3,0,216,6,0,0,0,0
246675545449582_1146248778825583,photo,12/19/2016 7:09,227,1,0,223,2,2,0,0,0
246675545449582_1145729508877510,photo,12/18/2016 21:12,542,21,1,521,11,9,1,0,0
246675545449582_1144522998998161,video,12/18/2016 1:44,279,274,15,233,42,4,0,0,0
246675545449582_1144499455667182,photo,12/18/2016 1:19,263,8,0,258,3,0,1,1,0
246675545449582_1140401796076948,video,12/15/2016 2:19,358,5498,94,294,57,1,5,1,0
246675545449582_1140232509427210,video,12/15/2016 0:00,65,4,1,65,0,0,0,0,0
246675545449582_1136992979751163,photo,12/12/2016 10:43,190,11,1,182,5,3,0,0,0
246675545449582_1135961669854294,photo,12/11/2016 11:14,320,4,1,309,10,1,0,0,0
246675545449582_1134445683339226,photo,12/10/2016 2:19,266,8,0,254,9,3,0,0,0
246675545449582_1134207113363083,video,12/9/2016 21:48,452,19013,161,353,92,2,3,2,0
246675545449582_1133575740092887,status,12/9/2016 10:44,123,23,0,114,0,0,3,6,0
246675545449582_1133476640102797,video,12/9/2016 9:29,543,4661,178,397,136,2,6,1,1
246675545449582_1133027370147724,photo,12/8/2016 23:57,278,8,0,267,9,2,0,0,0
246675545449582_1132905676826560,video,12/8/2016 21:11,445,432,27,315,124,2,3,0,1
246675545449582_1132169446900183,photo,12/8/2016 6:58,196,7,8,190,2,4,0,0,0
246675545449582_1132036880246773,video,12/8/2016 4:21,607,383,52,446,159,1,0,0,1
246675545449582_1131998556917272,photo,12/8/2016 3:22,180,4,0,166,12,2,0,0,0
246675545449582_1131974173586377,photo,12/8/2016 2:38,236,8,0,228,8,0,0,0,0
246675545449582_1131215043662290,status,12/7/2016 9:30,93,2,1,90,3,0,0,0,0
246675545449582_1130951013688693,video,12/7/2016 5:01,48,6,0,47,1,0,0,0,0
246675545449582_1130936990356762,video,12/7/2016 4:39,245,169,37,205,33,5,2,0,0
246675545449582_1127930780657383,status,12/5/2016 0:56,225,12,29,222,2,1,0,0,0
246675545449582_1127110904072704,photo,12/4/2016 9:58,133,4,2,128,5,0,0,0,0
246675545449582_1127110410739420,photo,12/4/2016 9:58,170,11,2,159,11,0,0,0,0
246675545449582_1123561147761013,photo,12/2/2016 1:12,304,13,0,294,9,1,0,0,0
246675545449582_1123559867761141,photo,12/2/2016 1:10,150,5,0,148,1,1,0,0,0
246675545449582_1122787121171749,photo,12/1/2016 12:35,387,8,0,375,9,3,0,0,0
246675545449582_1121060898011038,video,11/30/2016 8:46,564,20990,154,473,82,3,3,3,0
246675545449582_1117028825080912,photo,11/27/2016 6:06,261,36,1,256,5,0,0,0,0
246675545449582_1115512555232539,photo,11/26/2016 4:51,477,12,0,468,6,3,0,0,0
246675545449582_1110381239079004,photo,11/22/2016 0:03,154,19,7,153,1,0,0,0,0
246675545449582_1108612865922508,photo,11/20/2016 7:05,130,13,2,124,3,2,1,0,0
246675545449582_1106131959503932,photo,11/17/2016 20:56,307,0,0,294,12,0,1,0,0
246675545449582_1103306073119854,photo,11/15/2016 4:07,113,12,5,111,2,0,0,0,0
246675545449582_1102277329889395,photo,11/13/2016 23:43,77,4,2,77,0,0,0,0,0
246675545449582_1101125083337953,video,11/13/2016 1:35,38,4,0,37,0,0,1,0,0
246675545449582_1099887506795044,photo,11/12/2016 1:15,209,9,0,206,2,0,1,0,0
246675545449582_1094491660667962,photo,11/7/2016 0:51,99,0,3,98,1,0,0,0,0
246675545449582_1094485160668612,video,11/7/2016 0:35,119,8,2,113,5,1,0,0,0
246675545449582_1085847048199090,photo,10/29/2016 23:56,182,2,21,180,2,0,0,0,0
246675545449582_1083923348391460,photo,10/27/2016 20:26,155,1,4,148,4,0,0,3,0
246675545449582_1083918448391950,video,10/27/2016 20:14,86,0,0,76,4,0,0,6,0
246675545449582_1083917665058695,video,10/27/2016 20:12,124,0,0,114,4,0,0,6,0
246675545449582_1082633148520480,video,10/26/2016 10:48,221,1,0,211,0,8,0,2,0
246675545449582_1082251121892016,photo,10/26/2016 0:00,52,0,0,52,0,0,0,0,0
246675545449582_1082248058558989,video,10/25/2016 23:51,38,7,1,38,0,0,0,0,0
246675545449582_1082247548559040,photo,10/25/2016 23:50,2,0,37,2,0,0,0,0,0
246675545449582_1081853581931770,photo,10/25/2016 11:23,347,0,1,335,12,0,0,0,0
246675545449582_1081800408603754,photo,10/25/2016 9:55,99,0,30,97,2,0,0,0,0
246675545449582_1081602005290261,photo,10/25/2016 4:56,210,0,6,202,4,0,0,4,0
246675545449582_1081526181964510,photo,10/25/2016 2:51,178,0,0,171,7,0,0,0,0
246675545449582_1081469945303467,photo,10/25/2016 1:23,149,0,1,143,5,1,0,0,0
246675545449582_1080427132074415,photo,10/23/2016 20:41,77,0,1,73,0,0,0,4,0
246675545449582_1080424785407983,link,10/23/2016 20:39,169,0,57,166,2,0,1,0,0
246675545449582_1080032308780564,link,10/23/2016 9:51,237,0,0,229,2,6,0,0,0
246675545449582_1080023865448075,photo,10/23/2016 9:36,86,0,3,85,1,0,0,0,0
246675545449582_1080019492115179,photo,10/23/2016 9:32,120,0,2,119,1,0,0,0,0
246675545449582_1080018492115279,photo,10/23/2016 9:30,234,0,0,224,6,0,0,4,0
246675545449582_1079829918800803,photo,10/23/2016 4:23,280,0,1,277,3,0,0,0,0
246675545449582_1078953072221821,photo,10/22/2016 4:29,319,5,0,308,5,0,0,6,0
246675545449582_1078874958896299,video,10/22/2016 2:12,171,0,0,162,3,0,0,6,0
246675545449582_1078833298900465,photo,10/22/2016 1:34,251,5,0,249,0,0,0,2,0
246675545449582_1078275115622950,video,10/21/2016 10:59,135,0,0,128,4,1,0,2,0
246675545449582_1077385399045255,photo,10/20/2016 10:10,1,0,37,1,0,0,0,0,0
246675545449582_1077383585712103,photo,10/20/2016 10:07,1,0,1,1,0,0,0,0,0
246675545449582_1077325272384601,photo,10/20/2016 8:26,264,2,0,261,3,0,0,0,0
246675545449582_1077201065730355,photo,10/20/2016 5:10,218,2,5,214,0,0,0,4,0
246675545449582_1077094905740971,photo,10/20/2016 2:07,52,0,4,52,0,0,0,0,0
246675545449582_1077067919077003,video,10/20/2016 1:15,41,0,3,39,1,0,0,1,0
246675545449582_1077056299078165,photo,10/20/2016 0:56,67,0,1,66,1,0,0,0,0
246675545449582_1076957332421395,photo,10/19/2016 22:23,266,9,1,237,1,0,0,28,0
246675545449582_1076888609094934,photo,10/19/2016 20:12,165,0,0,156,5,0,0,4,0
246675545449582_1076634159120379,video,10/19/2016 12:54,70,0,0,66,0,0,0,4,0
246675545449582_1076345245815937,photo,10/19/2016 6:03,247,1,0,239,8,0,0,0,0
246675545449582_1076338039149991,photo,10/19/2016 5:48,379,0,0,373,3,0,0,3,0
246675545449582_1076173079166487,photo,10/19/2016 0:28,305,1,0,284,8,0,0,13,0
246675545449582_1076155455834916,photo,10/18/2016 23:49,26,0,0,23,0,3,0,0,0
246675545449582_1076155252501603,photo,10/18/2016 23:48,28,0,0,27,1,0,0,0,0
246675545449582_1076122922504836,photo,10/18/2016 22:51,37,0,0,35,2,0,0,0,0
246675545449582_1076108042506324,photo,10/18/2016 22:12,46,0,0,46,0,0,0,0,0
246675545449582_1075572685893193,photo,10/18/2016 8:42,164,2,13,150,8,0,1,5,0
246675545449582_1075429129240882,photo,10/18/2016 5:50,282,0,0,278,4,0,0,0,0
246675545449582_1075237065926755,status,10/18/2016 0:10,61,5,0,54,0,0,0,7,0
246675545449582_1075235712593557,photo,10/18/2016 0:07,68,3,0,68,0,0,0,0,0
246675545449582_1075112622605866,photo,10/17/2016 20:12,73,1,17,66,4,0,0,3,0
246675545449582_1075110259272769,photo,10/17/2016 20:08,641,0,0,628,11,2,0,0,0
246675545449582_1074708499312945,photo,10/17/2016 10:10,122,0,0,115,7,0,0,0,0
246675545449582_1074394839344311,photo,10/17/2016 2:31,654,1,50,617,32,0,0,5,0
246675545449582_1074303239353471,photo,10/16/2016 23:29,245,2,0,239,3,0,0,3,0
246675545449582_1074241259359669,photo,10/16/2016 21:45,173,0,0,173,0,0,0,0,0
246675545449582_1074163336034128,photo,10/16/2016 19:31,64,0,1,64,0,0,0,0,0
246675545449582_1073903956060066,photo,10/16/2016 12:17,495,9,227,443,42,0,0,10,0
246675545449582_1073569299426865,photo,10/16/2016 5:13,144,0,0,137,2,0,0,5,0
246675545449582_1073422289441566,photo,10/16/2016 0:48,476,3,212,452,16,0,0,8,0
246675545449582_1073300169453778,photo,10/15/2016 21:21,4,0,41,4,0,0,0,0,0
246675545449582_1072987746151687,photo,10/15/2016 12:21,48,0,1,43,1,0,0,4,0
246675545449582_1072885942828534,status,10/15/2016 10:03,77,1,38,76,1,0,0,0,0
246675545449582_1072357409548054,photo,10/14/2016 21:42,199,0,5,179,1,0,0,19,0
246675545449582_1071980006252461,status,10/14/2016 11:26,43,0,1,42,1,0,0,0,0
246675545449582_1071923709591424,photo,10/14/2016 10:16,30,0,0,30,0,0,0,0,0
246675545449582_1071564252960703,photo,10/14/2016 4:56,190,1,0,168,5,0,0,17,0
246675545449582_1071413999642395,photo,10/14/2016 1:39,96,0,5,90,0,0,0,6,0
246675545449582_1071357919648003,photo,10/14/2016 0:27,295,3,10,243,1,0,0,51,0
246675545449582_1071143006336161,photo,10/13/2016 19:49,102,0,1,87,2,0,0,13,0
246675545449582_1070850033032125,photo,10/13/2016 13:27,52,0,2,46,0,0,0,6,0
246675545449582_1070595273057601,photo,10/13/2016 8:14,71,0,5,61,0,0,0,10,0
246675545449582_1070581736392288,photo,10/13/2016 7:57,95,1,2,73,1,0,0,21,0
246675545449582_1068848683232260,photo,10/11/2016 9:40,132,10,1,124,5,1,0,2,0
246675545449582_1068693346581127,video,10/11/2016 5:58,63,14,0,63,0,0,0,0,0
246675545449582_1068510053266123,photo,10/10/2016 23:23,187,6,0,182,5,0,0,0,0
246675545449582_1067847033332425,photo,10/10/2016 5:08,124,2,0,119,3,2,0,0,0
246675545449582_1067041433412985,video,10/9/2016 6:07,296,80,5,242,44,5,3,1,1
246675545449582_1066827263434402,video,10/9/2016 0:09,268,46,0,231,32,3,1,0,1
246675545449582_1065086356941826,photo,10/6/2016 23:30,156,4,0,152,3,0,1,0,0
246675545449582_1064407067009755,photo,10/6/2016 6:34,148,26,0,144,4,0,0,0,0
246675545449582_1062454820538313,photo,10/4/2016 0:12,195,14,0,190,5,0,0,0,0
246675545449582_1058898140893981,photo,9/30/2016 5:35,229,7,0,220,5,4,0,0,0
246675545449582_1058892917561170,video,9/30/2016 5:26,111,4,0,105,6,0,0,0,0
246675545449582_1058783620905433,video,9/30/2016 1:53,169,34,1,148,17,4,0,0,0
246675545449582_1058108044306324,photo,9/29/2016 7:53,127,6,0,124,3,0,0,0,0
246675545449582_1057021481081647,video,9/28/2016 2:06,139,27,0,125,12,2,0,0,0
246675545449582_1054887074628421,status,9/26/2016 2:31,60,8,4,58,2,0,0,0,0
246675545449582_1055088081274987,video,9/26/2016 1:03,109,5,1,104,5,0,0,0,0
246675545449582_1053183751465420,photo,9/24/2016 5:17,148,4,0,144,4,0,0,0,0
246675545449582_1053079161475879,link,9/24/2016 2:03,46,3,1,44,2,0,0,0,0
246675545449582_1052246634892465,video,9/23/2016 5:21,93,14,4,89,4,0,0,0,0
246675545449582_1051254241658371,photo,9/22/2016 3:01,164,17,1,156,7,1,0,0,0
246675545449582_1051128795004249,link,9/21/2016 23:18,33,4,4,31,1,1,0,0,0
246675545449582_1049434851840310,photo,9/20/2016 0:03,153,19,1,147,3,2,1,0,0
246675545449582_1049397171844078,photo,9/19/2016 22:49,173,1,58,172,0,0,0,1,0
246675545449582_1048678488582613,photo,9/19/2016 5:19,168,1,1,160,6,2,0,0,0
246675545449582_1048642885252840,video,9/19/2016 3:55,51,10,1,51,0,0,0,0,0
246675545449582_1047877471996048,photo,9/18/2016 8:58,198,4,6,193,4,0,1,0,0
246675545449582_1047537402030055,video,9/17/2016 23:49,44,3,7,44,0,0,0,0,0
246675545449582_1046653318785130,video,9/16/2016 23:28,43,4,12,41,1,1,0,0,0
246675545449582_1044143312369464,photo,9/14/2016 4:04,105,3,3,101,3,1,0,0,0
246675545449582_1043360572447738,photo,9/13/2016 7:31,272,5,4,265,4,3,0,0,0
246675545449582_1043161212467674,photo,9/13/2016 1:43,148,9,6,143,2,3,0,0,0
246675545449582_1042522515864877,photo,9/12/2016 9:20,91,13,14,86,2,3,0,0,0
246675545449582_1042124379238024,video,9/11/2016 21:51,188,26,3,166,19,1,2,0,0
246675545449582_1039974209453041,photo,9/9/2016 19:03,60,3,0,56,1,3,0,0,0
246675545449582_1036579636459165,photo,9/6/2016 1:33,110,2,0,107,2,0,1,0,0
246675545449582_1034686953315100,status,9/4/2016 1:07,101,6,0,99,1,1,0,0,0
246675545449582_1031915473592248,photo,9/1/2016 2:35,122,18,20,120,1,1,0,0,0
246675545449582_1031800396937089,photo,8/31/2016 22:46,105,4,1,102,2,1,0,0,0
246675545449582_1031799743603821,photo,8/31/2016 22:45,56,1,0,54,1,1,0,0,0
246675545449582_1030046490445813,photo,8/29/2016 22:49,219,5,0,213,6,0,0,0,0
246675545449582_1029459363837859,video,8/29/2016 9:23,87,1,1,83,2,2,0,0,0
246675545449582_1028267547290374,photo,8/28/2016 0:36,109,3,0,105,2,2,0,0,0
246675545449582_1028265153957280,photo,8/28/2016 0:34,50,1,1,49,1,0,0,0,0
246675545449582_1027510307366098,video,8/27/2016 5:35,173,16,0,156,17,0,0,0,0
246675545449582_1026592947457834,photo,8/26/2016 3:10,101,1,0,100,1,0,0,0,0
246675545449582_1025825044201291,video,8/25/2016 7:05,105,8,2,97,7,0,1,0,0
246675545449582_1025734140877048,video,8/25/2016 5:08,89,4,1,84,5,0,0,0,0
246675545449582_1025714330879029,photo,8/25/2016 4:31,101,1,2,98,2,1,0,0,0
246675545449582_1025714104212385,photo,8/25/2016 4:31,90,4,1,88,1,0,0,1,0
246675545449582_1025701510880311,video,8/25/2016 4:07,113,27,0,102,11,0,0,0,0
246675545449582_1024116534372142,photo,8/23/2016 9:17,126,6,2,120,5,1,0,0,0
246675545449582_1022733124510483,photo,8/21/2016 22:30,441,31,2,423,13,2,3,0,0
246675545449582_1022047454579050,video,8/21/2016 7:42,302,186,3,244,50,2,4,1,1
246675545449582_1021805857936543,video,8/21/2016 0:46,185,40,2,171,12,2,0,0,0
246675545449582_1020779254705870,video,8/20/2016 0:57,155,33,0,138,16,0,0,0,1
246675545449582_1017514555032340,photo,8/16/2016 8:29,177,7,1,173,2,2,0,0,0
246675545449582_1014868815296914,video,8/13/2016 9:14,309,102,1,260,43,5,1,0,0
246675545449582_1013969492053513,photo,8/12/2016 8:20,326,2,1,319,7,0,0,0,0
246675545449582_1013693358747793,photo,8/12/2016 2:24,265,6,0,259,6,0,0,0,0
246675545449582_1012220412228421,photo,8/10/2016 23:49,199,8,1,193,4,1,1,0,0
246675545449582_1011553145628481,video,8/10/2016 6:24,226,93,3,203,20,3,0,0,0
246675545449582_1011357865648009,photo,8/9/2016 23:59,129,5,0,127,2,0,0,0,0
246675545449582_1010407239076405,link,8/8/2016 22:38,63,11,1,61,2,0,0,0,0
246675545449582_1008617842588678,photo,8/6/2016 21:51,185,1,0,180,3,2,0,0,0
246675545449582_1008142405969555,video,8/6/2016 9:28,54,0,0,53,1,0,0,0,0
246675545449582_1007899215993874,photo,8/6/2016 2:27,167,4,0,164,3,0,0,0,0
246675545449582_1007238189393310,photo,8/5/2016 9:15,53,3,0,51,2,0,0,0,0
246675545449582_1006309482819514,photo,8/4/2016 5:51,352,4,0,348,3,1,0,0,0
246675545449582_1004846959632433,photo,8/2/2016 4:05,185,3,1,178,6,1,0,0,0
246675545449582_1004819752968487,video,8/2/2016 2:43,198,30,3,152,42,0,3,0,1
246675545449582_1004772992973163,status,8/2/2016 0:46,59,1,0,56,1,1,1,0,0
246675545449582_1004073969709732,status,8/1/2016 3:30,49,1,0,48,1,0,0,0,0
246675545449582_1004062536377542,photo,8/1/2016 2:55,126,4,1,122,3,1,0,0,0
246675545449582_1004062119710917,photo,8/1/2016 2:53,120,1,1,117,3,0,0,0,0
246675545449582_1004005379716591,video,8/1/2016 0:42,180,120,0,145,33,0,2,0,0
246675545449582_1003976043052858,video,7/31/2016 23:30,85,0,0,79,5,1,0,0,0
246675545449582_1003389676444828,photo,7/31/2016 3:51,230,6,0,222,6,2,0,0,0
246675545449582_1002606933189769,video,7/29/2016 22:33,248,52,1,206,39,2,0,0,1
246675545449582_1001988516584944,photo,7/29/2016 0:59,297,8,0,292,3,2,0,0,0
246675545449582_1001332629983866,photo,7/28/2016 3:56,158,6,0,153,4,1,0,0,0
246675545449582_1001261089991020,photo,7/28/2016 1:09,124,3,0,121,3,0,0,0,0
246675545449582_1001257426658053,photo,7/28/2016 0:54,213,1,0,208,5,0,0,0,0
246675545449582_1000437563406706,photo,7/26/2016 20:43,114,0,20,113,1,0,0,0,0
246675545449582_998054330311696,photo,7/23/2016 9:59,182,10,0,179,3,0,0,0,0
246675545449582_997947913655671,photo,7/23/2016 6:25,178,14,1,173,3,2,0,0,0
246675545449582_997144537069342,photo,7/22/2016 2:34,166,0,0,162,3,1,0,0,0
246675545449582_996678037115992,photo,7/21/2016 9:12,143,5,0,139,3,1,0,0,0
246675545449582_996124013838061,photo,7/20/2016 12:06,170,3,17,169,1,0,0,0,0
246675545449582_994814710635658,photo,7/18/2016 10:43,196,5,0,192,3,1,0,0,0
246675545449582_993390200778109,photo,7/16/2016 6:37,103,0,0,101,2,0,0,0,0
246675545449582_993383944112068,video,7/16/2016 6:22,114,11,0,102,11,0,1,0,0
246675545449582_993245180792611,photo,7/16/2016 0:15,136,6,0,131,2,1,2,0,0
246675545449582_993199927463803,status,7/15/2016 22:39,53,3,1,52,1,0,0,0,0
246675545449582_993172597466536,status,7/15/2016 21:55,63,0,3,62,1,0,0,0,0
246675545449582_992564564194006,video,7/15/2016 1:50,150,14,0,141,9,0,0,0,0
246675545449582_992071914243271,status,7/14/2016 8:56,154,8,0,153,1,0,0,0,0
246675545449582_991877347596061,photo,7/14/2016 3:44,114,21,0,111,3,0,0,0,0
246675545449582_991234830993646,photo,7/13/2016 7:41,139,4,0,135,4,0,0,0,0
246675545449582_991234470993682,photo,7/13/2016 7:39,96,1,0,94,2,0,0,0,0
246675545449582_989938657789930,photo,7/11/2016 8:20,177,15,0,174,3,0,0,0,0
246675545449582_989420001175129,photo,7/10/2016 9:56,320,6,60,318,2,0,0,0,0
246675545449582_989291211188008,photo,7/10/2016 6:04,336,154,111,328,4,3,1,0,0
246675545449582_988189727964823,photo,7/8/2016 10:51,54,2,4,54,0,0,0,0,0
246675545449582_988176427966153,status,7/8/2016 10:29,74,1,0,74,0,0,0,0,0
246675545449582_988175121299617,photo,7/8/2016 10:27,79,2,0,78,0,1,0,0,0
246675545449582_986300324820430,status,7/5/2016 9:28,50,10,0,50,0,0,0,0,0
246675545449582_986066644843798,photo,7/4/2016 23:31,183,13,0,180,3,0,0,0,0
246675545449582_985015751615554,photo,7/3/2016 7:35,73,12,0,72,1,0,0,0,0
246675545449582_984932664957196,photo,7/3/2016 4:27,103,15,0,101,2,0,0,0,0
246675545449582_984793924971070,photo,7/2/2016 23:05,90,2,0,90,0,0,0,0,0
246675545449582_984202325030230,photo,7/2/2016 3:02,124,13,2,122,0,2,0,0,0
246675545449582_982800611837068,status,6/29/2016 22:47,90,14,0,90,0,0,0,0,0
246675545449582_982394481877681,photo,6/29/2016 8:30,303,11,0,297,4,2,0,0,0
246675545449582_981737658610030,photo,6/28/2016 9:14,309,10,0,300,2,0,7,0,0
246675545449582_981134415337021,video,6/27/2016 10:07,220,52,1,193,25,0,1,1,0
246675545449582_981054135345049,photo,6/27/2016 7:42,126,0,1,125,1,0,0,0,0
246675545449582_979885158795280,photo,6/25/2016 9:55,928,53,0,906,16,5,0,1,0
246675545449582_979654548818341,video,6/25/2016 1:23,391,136,0,343,43,4,1,0,0
246675545449582_979183585532104,status,6/24/2016 9:28,150,2,1,146,4,0,0,0,0
246675545449582_979181678865628,photo,6/24/2016 9:25,223,1,1,219,4,0,0,0,0
246675545449582_979104498873346,photo,6/24/2016 6:41,174,2,0,166,8,0,0,0,0
246675545449582_979064858877310,photo,6/24/2016 5:02,0,0,1,0,0,0,0,0,0
246675545449582_976274922489637,photo,6/19/2016 23:23,102,1,1,101,1,0,0,0,0
246675545449582_975136719270124,photo,6/18/2016 5:20,344,20,0,341,2,1,0,0,0
246675545449582_973802862736843,video,6/16/2016 4:26,135,26,0,123,9,0,2,1,0
246675545449582_973108142806315,photo,6/15/2016 3:37,334,13,1,332,2,0,0,0,0
246675545449582_972067906243672,photo,6/13/2016 12:40,49,3,0,49,0,0,0,0,0
246675545449582_971170689666727,photo,6/12/2016 5:21,404,17,0,402,2,0,0,0,0
246675545449582_971110809672715,photo,6/12/2016 2:51,185,5,0,181,4,0,0,0,0
246675545449582_971092796341183,video,6/12/2016 1:52,354,184,1,306,44,0,3,0,1
246675545449582_969996279784168,status,6/10/2016 5:29,78,16,0,78,0,0,0,0,0
246675545449582_963634230420373,photo,5/30/2016 11:33,139,18,0,139,0,0,0,0,0
246675545449582_962945223822607,photo,5/29/2016 8:32,367,11,3,346,0,21,0,0,0
246675545449582_962108210572975,photo,5/27/2016 22:13,177,1,0,177,0,0,0,0,0
246675545449582_961729627277500,photo,5/27/2016 7:40,378,5,0,377,1,0,0,0,0
246675545449582_961567853960344,status,5/27/2016 0:51,57,19,0,57,0,0,0,0,0
246675545449582_961040807346382,photo,5/26/2016 3:07,921,35,0,891,14,15,1,0,0
246675545449582_959755374141592,photo,5/24/2016 2:03,0,0,1,0,0,0,0,0,0
246675545449582_959225170861279,photo,5/23/2016 5:09,348,9,0,346,2,0,0,0,0
246675545449582_957391724377957,photo,5/20/2016 1:43,370,10,0,365,5,0,0,0,0
246675545449582_956083191175477,photo,5/17/2016 21:41,72,3,27,72,0,0,0,0,0
246675545449582_955687557881707,link,5/17/2016 8:10,27,9,0,27,0,0,0,0,0
246675545449582_955534984563631,status,5/17/2016 2:01,59,16,1,59,0,0,0,0,0
246675545449582_953357591448037,status,5/13/2016 8:35,113,1,32,113,0,0,0,0,0
246675545449582_952756208174842,photo,5/12/2016 7:44,116,24,0,116,0,0,0,0,0
246675545449582_952565928193870,photo,5/11/2016 23:57,21,10,0,21,0,0,0,0,0
246675545449582_952563678194095,photo,5/11/2016 23:55,19,8,0,19,0,0,0,0,0
246675545449582_952512418199221,video,5/11/2016 21:29,230,62,8,207,19,3,1,0,0
246675545449582_951985511585245,photo,5/11/2016 2:47,1542,18,1260,1520,12,6,0,4,0
246675545449582_951909468259516,photo,5/10/2016 23:30,48,14,0,48,0,0,0,0,0
246675545449582_951902744926855,photo,5/10/2016 23:09,69,15,2,68,1,0,0,0,0
246675545449582_951083135008816,photo,5/9/2016 12:52,96,18,1,96,0,0,0,0,0
246675545449582_950956288354834,photo,5/9/2016 8:55,235,1,0,232,3,0,0,0,0
246675545449582_950840281699768,photo,5/9/2016 5:47,130,4,0,128,0,2,0,0,0
246675545449582_950284295088700,photo,5/8/2016 6:27,111,19,2,110,1,0,0,0,0
246675545449582_950185015098628,photo,5/8/2016 2:19,89,20,1,87,2,0,0,0,0
246675545449582_949791148471348,photo,5/7/2016 10:50,20,11,0,20,0,0,0,0,0
246675545449582_949590641824732,photo,5/7/2016 2:24,74,15,0,74,0,0,0,0,0
246675545449582_949505738499889,photo,5/6/2016 22:53,63,18,2,61,2,0,0,0,0
246675545449582_949501595166970,status,5/6/2016 22:41,83,24,3,83,0,0,0,0,0
246675545449582_949075845209545,photo,5/6/2016 6:54,62,11,0,61,1,0,0,0,0
246675545449582_948967595220370,photo,5/6/2016 1:29,141,24,2,140,0,1,0,0,0
246675545449582_948417708608692,photo,5/5/2016 6:12,140,1,0,138,1,1,0,0,0
246675545449582_948363195280810,photo,5/5/2016 4:35,124,21,1,119,2,3,0,0,0
246675545449582_947757962008000,photo,5/4/2016 2:25,107,16,1,106,1,0,0,0,0
246675545449582_947215102062286,photo,5/3/2016 8:03,139,16,0,139,0,0,0,0,0
246675545449582_947022175414912,photo,5/2/2016 23:38,264,27,3,264,0,0,0,0,0
246675545449582_946699032113893,link,5/2/2016 10:43,48,4,4,48,0,0,0,0,0
246675545449582_945977728852690,video,5/1/2016 10:06,360,131,5,292,60,1,5,1,1
246675545449582_945101152273681,photo,4/30/2016 3:31,64,11,0,64,0,0,0,0,0
246675545449582_943137719136691,photo,4/27/2016 3:50,173,11,0,170,2,0,1,0,0
246675545449582_943049452478851,photo,4/27/2016 1:14,165,15,1,165,0,0,0,0,0
246675545449582_941745542609242,photo,4/25/2016 2:21,79,18,0,78,1,0,0,0,0
246675545449582_940972156019914,photo,4/23/2016 19:35,130,19,2,128,2,0,0,0,0
246675545449582_940589126058217,photo,4/23/2016 5:03,534,0,0,526,5,2,0,0,1
246675545449582_940576852726111,video,4/23/2016 4:21,237,33,0,230,6,1,0,0,0
246675545449582_940496306067499,photo,4/23/2016 0:00,432,5,0,429,3,0,0,0,0
246675545449582_940417326075397,video,4/22/2016 20:35,92,2,0,92,0,0,0,0,0
246675545449582_939883382795458,video,4/21/2016 22:45,128,3,0,124,4,0,0,0,0
246675545449582_939855106131619,photo,4/21/2016 21:22,316,3,0,309,4,3,0,0,0
246675545449582_939419452841851,photo,4/21/2016 5:14,68,16,3,68,0,0,0,0,0
246675545449582_939410766176053,photo,4/21/2016 4:45,193,3,0,189,0,3,1,0,0
246675545449582_939288599521603,video,4/20/2016 23:23,75,3,0,74,0,1,0,0,0
246675545449582_939240586193071,photo,4/20/2016 21:20,131,0,0,131,0,0,0,0,0
246675545449582_938817782902018,video,4/20/2016 5:19,74,10,0,74,0,0,0,0,0
246675545449582_938816312902165,photo,4/20/2016 5:12,67,11,0,67,0,0,0,0,0
246675545449582_938815872902209,status,4/20/2016 5:11,35,2,0,35,0,0,0,0,0
246675545449582_938758476241282,photo,4/20/2016 2:45,217,1,0,215,2,0,0,0,0
246675545449582_938639389586524,photo,4/19/2016 22:31,398,3,0,395,3,0,0,0,0
246675545449582_938629106254219,photo,4/19/2016 21:53,99,14,1,99,0,0,0,0,0
246675545449582_938186666298463,photo,4/19/2016 7:21,138,1,0,136,1,1,0,0,0
246675545449582_938183976298732,photo,4/19/2016 7:13,134,0,1,133,0,1,0,0,0
246675545449582_938171326299997,photo,4/19/2016 6:40,267,9,0,263,0,3,1,0,0
246675545449582_938073306309799,video,4/19/2016 2:45,87,17,0,81,6,0,0,0,0
246675545449582_938045592979237,photo,4/19/2016 1:49,409,6,0,404,4,1,0,0,0
246675545449582_938010282982768,photo,4/19/2016 0:14,263,5,0,260,3,0,0,0,0
246675545449582_937990549651408,photo,4/18/2016 23:24,210,2,0,209,1,0,0,0,0
246675545449582_937961726320957,photo,4/18/2016 22:12,104,14,0,103,1,0,0,0,0
246675545449582_937395266377603,video,4/18/2016 4:04,158,48,0,152,5,1,0,0,0
246675545449582_937323176384812,photo,4/18/2016 0:37,286,2,0,285,1,0,0,0,0
246675545449582_937267059723757,photo,4/17/2016 21:59,179,1,0,177,2,0,0,0,0
246675545449582_937254223058374,photo,4/17/2016 21:33,190,1,0,187,2,1,0,0,0
246675545449582_936808816436248,photo,4/17/2016 4:07,163,1,0,161,1,1,0,0,0
246675545449582_936802663103530,photo,4/17/2016 3:41,424,7,0,421,3,0,0,0,0
246675545449582_936701886446941,photo,4/17/2016 0:14,181,3,0,180,1,0,0,0,0
246675545449582_936093689841094,photo,4/16/2016 1:01,139,2,0,138,0,1,0,0,0
246675545449582_936017619848701,photo,4/15/2016 21:49,775,18,0,762,5,8,0,0,0
246675545449582_936016516515478,photo,4/15/2016 21:47,368,2,0,364,1,3,0,0,0
246675545449582_935957156521414,video,4/15/2016 19:28,105,12,0,103,1,1,0,0,0
246675545449582_935625399887923,photo,4/15/2016 6:24,218,2,0,217,1,0,0,0,0
246675545449582_935522669898196,video,4/15/2016 2:36,89,9,0,88,1,0,0,0,0
246675545449582_935491066568023,photo,4/15/2016 1:16,326,10,0,325,1,0,0,0,0
246675545449582_935415303242266,video,4/14/2016 22:54,106,3,0,104,0,2,0,0,0
246675545449582_935407229909740,video,4/14/2016 22:36,125,5,0,122,3,0,0,0,0
246675545449582_934896833294113,video,4/14/2016 3:22,123,16,0,118,4,0,1,0,0
246675545449582_934381930012270,photo,4/13/2016 8:22,70,21,1,70,0,0,0,0,0
246675545449582_934135230036940,photo,4/12/2016 22:14,58,0,0,58,0,0,0,0,0
246675545449582_933782113405585,photo,4/12/2016 8:51,61,16,0,60,0,1,0,0,0
246675545449582_933768553406941,photo,4/12/2016 8:31,66,14,1,65,1,0,0,0,0
246675545449582_933768420073621,photo,4/12/2016 8:31,81,14,1,80,0,1,0,0,0
246675545449582_933644303419366,video,4/12/2016 3:54,39,5,1,39,0,0,0,0,0
246675545449582_933627496754380,photo,4/12/2016 3:02,167,0,0,165,1,1,0,0,0
246675545449582_933574326759697,video,4/12/2016 0:17,78,13,0,78,0,0,0,0,0
246675545449582_933082600142203,photo,4/11/2016 7:26,140,13,0,137,1,2,0,0,0
246675545449582_932980093485787,photo,4/11/2016 3:30,243,4,0,243,0,0,0,0,0
246675545449582_932908520159611,photo,4/10/2016 23:52,199,3,0,197,0,2,0,0,0
246675545449582_932361606880969,photo,4/10/2016 4:14,354,15,0,349,4,1,0,0,0
246675545449582_932337600216703,video,4/10/2016 3:09,171,78,3,167,4,0,0,0,0
246675545449582_932337593550037,status,4/10/2016 3:09,55,4,0,54,1,0,0,0,0
246675545449582_932327366884393,video,4/10/2016 2:37,136,44,1,131,3,1,1,0,0
246675545449582_931859520264511,photo,4/9/2016 7:56,51,8,0,51,0,0,0,0,0
246675545449582_931825876934542,video,4/9/2016 6:29,103,25,0,103,0,0,0,0,0
246675545449582_931805076936622,photo,4/9/2016 5:33,619,15,0,615,4,0,0,0,0
246675545449582_931752626941867,photo,4/9/2016 4:14,231,30,5,227,1,3,0,0,0
246675545449582_931747876942342,photo,4/9/2016 4:10,86,14,1,85,1,0,0,0,0
246675545449582_931740990276364,photo,4/9/2016 3:44,63,9,0,63,0,0,0,0,0
246675545449582_931728803610916,video,4/9/2016 3:12,165,89,1,162,2,1,0,0,0
246675545449582_931111343672662,photo,4/8/2016 4:28,200,18,1,197,1,2,0,0,0
246675545449582_931107977006332,photo,4/8/2016 4:23,180,15,1,178,1,1,0,0,0
246675545449582_930623763721420,video,4/7/2016 9:28,214,152,0,210,4,0,0,0,0
246675545449582_930440893739707,video,4/7/2016 3:48,157,124,1,157,0,0,0,0,0
246675545449582_930416113742185,link,4/7/2016 2:40,44,1,0,44,0,0,0,0,0
246675545449582_930357520414711,photo,4/7/2016 0:10,208,6,0,208,0,0,0,0,0
246675545449582_929831387133991,photo,4/6/2016 2:39,145,2,0,145,0,0,0,0,0
246675545449582_929734513810345,video,4/5/2016 22:07,177,134,0,176,1,0,0,0,0
246675545449582_929281747188955,photo,4/5/2016 6:51,250,11,0,246,4,0,0,0,0
246675545449582_929101063873690,video,4/4/2016 23:38,97,29,0,97,0,0,0,0,0
246675545449582_929097403874056,video,4/4/2016 23:25,112,45,0,109,3,0,0,0,0
246675545449582_928698933913903,video,4/4/2016 9:16,170,108,0,168,2,0,0,0,0
246675545449582_928468223936974,status,4/4/2016 0:17,148,7,0,147,0,0,1,0,0
246675545449582_928446533939143,photo,4/3/2016 23:18,360,10,0,356,4,0,0,0,0
246675545449582_927998200650643,photo,4/3/2016 7:27,280,9,0,279,0,1,0,0,0
246675545449582_927862343997562,video,4/3/2016 2:17,111,45,0,110,1,0,0,0,0
246675545449582_927415350708928,video,4/2/2016 9:42,188,242,6,187,1,0,0,0,0
246675545449582_927204584063338,video,4/2/2016 3:43,121,43,0,121,0,0,0,0,0
246675545449582_927177560732707,link,4/2/2016 2:13,43,4,1,43,0,0,0,0,0
246675545449582_926534274130369,photo,4/1/2016 7:34,111,15,0,108,2,1,0,0,0
246675545449582_926500627467067,video,4/1/2016 6:40,111,4,0,110,1,0,0,0,0
246675545449582_926475434136253,video,4/1/2016 6:00,119,31,2,119,0,0,0,0,0
246675545449582_926239380826525,photo,3/31/2016 23:20,358,10,3,354,0,4,0,0,0
246675545449582_925373837579746,video,3/31/2016 6:01,187,25,0,186,1,0,0,0,0
246675545449582_925196357597494,video,3/31/2016 1:52,180,84,4,171,8,1,0,0,0
246675545449582_924472924336504,video,3/30/2016 9:08,227,173,1,223,2,1,1,0,0
246675545449582_923403614443435,video,3/29/2016 8:52,146,19,0,146,0,0,0,0,0
246675545449582_923396601110803,video,3/29/2016 8:42,105,10,0,105,0,0,0,0,0
246675545449582_923374007779729,video,3/29/2016 8:20,131,39,1,130,1,0,0,0,0
246675545449582_923254917791638,photo,3/29/2016 5:57,325,13,1,322,3,0,0,0,0
246675545449582_923223907794739,video,3/29/2016 5:11,113,2,1,113,0,0,0,0,0
246675545449582_923215471128916,video,3/29/2016 5:01,102,13,1,102,0,0,0,0,0
246675545449582_922905401159923,photo,3/28/2016 21:01,441,10,0,431,3,7,0,0,0
246675545449582_921991297918000,photo,3/28/2016 0:23,260,6,0,260,0,0,0,0,0
246675545449582_920790894704707,photo,3/26/2016 20:27,31,14,0,31,0,0,0,0,0
246675545449582_919397038177426,video,3/25/2016 10:57,70,10,2,68,0,2,0,0,0
246675545449582_918524981597965,photo,3/24/2016 14:41,147,1,0,147,0,0,0,0,0
246675545449582_917311751719288,video,3/23/2016 10:22,177,145,3,176,0,1,0,0,0
246675545449582_917310065052790,video,3/23/2016 10:20,112,18,0,112,0,0,0,0,0
246675545449582_917263728390757,video,3/23/2016 9:29,117,18,1,116,1,0,0,0,0
246675545449582_917156165068180,status,3/23/2016 7:31,118,6,0,118,0,0,0,0,0
246675545449582_917120758405054,status,3/23/2016 6:46,118,3,0,118,0,0,0,0,0
246675545449582_913567042093759,status,3/19/2016 8:46,162,10,0,161,0,0,1,0,0
246675545449582_913206878796442,photo,3/18/2016 22:42,318,2,0,312,3,3,0,0,0
246675545449582_912743318842798,photo,3/18/2016 8:00,59,14,0,58,1,0,0,0,0
246675545449582_912742465509550,photo,3/18/2016 7:59,54,0,0,52,1,0,1,0,0
246675545449582_912098305573966,video,3/17/2016 11:16,238,41,3,234,3,1,0,0,0
246675545449582_911998182250645,video,3/17/2016 8:05,350,389,6,342,7,1,0,0,0
246675545449582_911790545604742,status,3/17/2016 0:32,111,11,0,111,0,0,0,0,0
246675545449582_911356372314826,status,3/16/2016 10:33,207,4,0,203,3,0,1,0,0
246675545449582_911295978987532,status,3/16/2016 9:17,140,23,0,138,0,2,0,0,0
246675545449582_911294448987685,status,3/16/2016 9:15,103,8,0,103,0,0,0,0,0
246675545449582_911242032326260,video,3/16/2016 8:03,323,407,8,307,12,4,0,0,0
246675545449582_911240355659761,video,3/16/2016 8:00,487,93,13,472,9,5,1,0,0
246675545449582_911231945660602,status,3/16/2016 7:41,180,16,0,180,0,0,0,0,0
246675545449582_911189948998135,photo,3/16/2016 6:24,156,0,0,155,1,0,0,0,0
246675545449582_911188255664971,photo,3/16/2016 6:19,118,13,0,117,1,0,0,0,0
246675545449582_910547619062368,status,3/15/2016 12:24,227,18,0,223,2,1,1,0,0
246675545449582_910132699103860,photo,3/15/2016 0:09,26,2,0,26,0,0,0,0,0
246675545449582_909199302530533,photo,3/14/2016 1:14,120,0,0,119,0,1,0,0,0
246675545449582_909109405872856,link,3/13/2016 22:25,59,6,5,59,0,0,0,0,0
246675545449582_908654042585059,photo,3/13/2016 5:44,90,13,1,90,0,0,0,0,0
246675545449582_908531785930618,video,3/13/2016 1:08,22,2,1,22,0,0,0,0,0
246675545449582_908489692601494,photo,3/13/2016 0:20,73,5,0,72,0,1,0,0,0
246675545449582_908456265938170,photo,3/12/2016 23:15,183,15,0,182,1,0,0,0,0
246675545449582_907843879332742,photo,3/12/2016 0:37,67,14,0,66,0,1,0,0,0
246675545449582_905878909529239,video,3/8/2016 19:57,45,1,0,45,0,0,0,0,0
246675545449582_905666059550524,photo,3/8/2016 10:21,110,3,0,110,0,0,0,0,0
246675545449582_905631259554004,status,3/8/2016 9:17,120,4,0,117,1,0,2,0,0
246675545449582_905500599567070,status,3/8/2016 3:27,87,1,4,83,2,2,0,0,0
246675545449582_905488696234927,photo,3/8/2016 2:43,139,4,0,138,0,1,0,0,0
246675545449582_905484236235373,status,3/8/2016 2:25,104,0,3,102,1,1,0,0,0
246675545449582_905450492905414,photo,3/8/2016 0:13,60,1,0,59,0,1,0,0,0
246675545449582_904555749661555,photo,3/6/2016 7:00,214,6,0,211,3,0,0,0,0
246675545449582_904460846337712,photo,3/6/2016 2:24,160,1,0,158,2,0,0,0,0
246675545449582_904386803011783,photo,3/5/2016 23:29,322,8,0,320,2,0,0,0,0
246675545449582_904332863017177,photo,3/5/2016 21:47,348,3,2,345,2,1,0,0,0
246675545449582_903740153076448,photo,3/4/2016 20:13,292,10,1,285,5,2,0,0,0
246675545449582_903481033102360,link,3/4/2016 9:17,51,0,0,51,0,0,0,0,0
246675545449582_903397173110746,photo,3/4/2016 6:44,251,20,4,248,2,1,0,0,0
246675545449582_902953523155111,status,3/3/2016 10:41,67,5,0,66,1,0,0,0,0
246675545449582_902930993157364,status,3/3/2016 9:54,43,8,0,42,1,0,0,0,0
246675545449582_902788293171634,status,3/3/2016 3:44,58,10,0,58,0,0,0,0,0
246675545449582_902760309841099,video,3/3/2016 2:55,37,1,0,37,0,0,0,0,0
246675545449582_901609886622808,video,3/1/2016 4:48,40,2,4,39,1,0,0,0,0
246675545449582_901562963294167,status,3/1/2016 2:28,56,9,1,56,0,0,0,0,0
246675545449582_901525606631236,link,3/1/2016 0:26,59,3,0,58,0,1,0,0,0
246675545449582_901272739989856,photo,2/29/2016 12:44,147,2,17,144,2,1,0,0,0
246675545449582_900462116737585,photo,2/28/2016 4:30,231,5,1,220,7,4,0,0,0
246675545449582_900376970079433,video,2/28/2016 0:41,71,6,2,71,0,0,0,0,0
246675545449582_900333693417094,video,2/27/2016 22:32,48,1,0,45,2,1,0,0,0
246675545449582_899897493460714,photo,2/27/2016 2:22,261,4,0,248,6,6,1,0,0
246675545449582_899892770127853,photo,2/27/2016 2:12,225,0,20,222,3,0,0,0,0
246675545449582_899837903466673,photo,2/26/2016 23:32,148,16,0,140,3,4,1,0,0
246675545449582_899235046860292,video,2/25/2016 22:15,68,3,3,63,3,0,2,0,0
246675545449582_899233750193755,photo,2/25/2016 22:09,543,22,0,501,29,11,2,0,0
246675545449582_898765140240616,video,2/25/2016 4:38,74,9,6,74,0,0,0,0,0
246675545449582_898059380311192,photo,2/24/2016 4:06,249,10,1,249,0,0,0,0,0
246675545449582_898058996977897,photo,2/24/2016 4:01,629,7,0,625,2,1,1,0,0
246675545449582_898054323645031,video,2/24/2016 3:55,57,9,3,57,0,0,0,0,0
246675545449582_897967070320423,photo,2/23/2016 23:36,279,18,2,279,0,0,0,0,0
246675545449582_895549673895496,status,2/20/2016 1:50,68,13,1,68,0,0,0,0,0
246675545449582_894668553983608,status,2/18/2016 10:51,106,19,0,106,0,0,0,0,0
246675545449582_894462830670847,status,2/18/2016 2:30,73,19,2,73,0,0,0,0,0
246675545449582_893818594068604,status,2/16/2016 22:07,68,14,0,68,0,0,0,0,0
246675545449582_892373620879768,photo,2/14/2016 7:03,12,5,0,12,0,0,0,0,0
246675545449582_892373587546438,photo,2/14/2016 7:03,10,4,0,10,0,0,0,0,0
246675545449582_891886774261786,video,2/13/2016 9:34,35,0,0,35,0,0,0,0,0
246675545449582_891722117611585,link,2/13/2016 4:45,40,1,0,40,0,0,0,0,0
246675545449582_891609020956228,video,2/12/2016 22:48,44,9,4,44,0,0,0,0,0
246675545449582_891606617623135,link,2/12/2016 22:41,6,0,0,6,0,0,0,0,0
246675545449582_891062234344240,photo,2/12/2016 3:55,80,4,0,80,0,0,0,0,0
246675545449582_891062111010919,photo,2/12/2016 3:55,83,8,0,83,0,0,0,0,0
246675545449582_891007597683037,photo,2/12/2016 1:25,66,2,1,66,0,0,0,0,0
246675545449582_889324197851377,photo,2/9/2016 5:26,421,3,0,421,0,0,0,0,0
246675545449582_888792861237844,photo,2/8/2016 5:36,246,5,1,246,0,0,0,0,0
246675545449582_888359051281225,photo,2/7/2016 10:36,151,0,0,151,0,0,0,0,0
246675545449582_888345341282596,photo,2/7/2016 9:56,304,6,0,304,0,0,0,0,0
246675545449582_888203064630157,photo,2/7/2016 6:51,263,19,2,263,0,0,0,0,0
246675545449582_886471714803292,photo,2/4/2016 4:09,216,16,2,216,0,0,0,0,0
246675545449582_885362008247596,status,2/2/2016 1:32,42,9,0,42,0,0,0,0,0
246675545449582_885358398247957,photo,2/2/2016 1:17,289,11,0,289,0,0,0,0,0
246675545449582_884925858291211,photo,2/1/2016 7:26,330,8,0,330,0,0,0,0,0
246675545449582_884875941629536,photo,2/1/2016 5:28,320,2,0,320,0,0,0,0,0
246675545449582_884854344965029,photo,2/1/2016 4:27,355,9,0,355,0,0,0,0,0
246675545449582_884464201670710,photo,1/31/2016 11:08,242,4,0,242,0,0,0,0,0
246675545449582_884334441683686,photo,1/31/2016 7:20,471,13,0,471,0,0,0,0,0
246675545449582_884231101694020,photo,1/31/2016 2:24,320,7,0,320,0,0,0,0,0
246675545449582_883839645066499,photo,1/30/2016 9:21,486,2,0,486,0,0,0,0,0
246675545449582_883667758417021,photo,1/30/2016 4:46,353,6,0,353,0,0,0,0,0
246675545449582_883657728418024,photo,1/30/2016 4:22,469,10,0,469,0,0,0,0,0
246675545449582_883625795087884,photo,1/30/2016 3:03,271,37,1,271,0,0,0,0,0
246675545449582_883577135092750,photo,1/30/2016 0:55,228,3,0,228,0,0,0,0,0
246675545449582_883113071805823,photo,1/29/2016 7:11,495,11,0,495,0,0,0,0,0
246675545449582_883021068481690,photo,1/29/2016 3:29,381,5,0,381,0,0,0,0,0
246675545449582_882494408534356,photo,1/28/2016 6:07,480,10,0,480,0,0,0,0,0
246675545449582_881809181936212,photo,1/26/2016 23:33,140,6,0,140,0,0,0,0,0
246675545449582_880819205368543,photo,1/25/2016 2:08,443,11,0,443,0,0,0,0,0
246675545449582_880265495423914,photo,1/24/2016 1:14,182,1,16,182,0,0,0,0,0
246675545449582_879767628807034,photo,1/23/2016 2:05,121,0,1,121,0,0,0,0,0
246675545449582_879284248855372,photo,1/22/2016 3:01,49,9,0,49,0,0,0,0,0
246675545449582_878165708967226,status,1/20/2016 5:30,227,0,0,227,0,0,0,0,0
246675545449582_876454135805050,photo,1/17/2016 2:34,230,6,0,230,0,0,0,0,0
246675545449582_875892259194571,photo,1/16/2016 3:43,192,26,2,192,0,0,0,0,0
246675545449582_875472255903238,photo,1/15/2016 7:58,417,11,0,417,0,0,0,0,0
246675545449582_875461769237620,photo,1/15/2016 7:34,552,8,0,552,0,0,0,0,0
246675545449582_875340042583126,status,1/15/2016 1:33,111,12,0,111,0,0,0,0,0
246675545449582_874332049350592,photo,1/13/2016 3:11,130,19,1,130,0,0,0,0,0
246675545449582_873244062792724,photo,1/11/2016 10:42,100,11,0,100,0,0,0,0,0
246675545449582_873097996140664,video,1/11/2016 4:30,50,11,0,50,0,0,0,0,0
246675545449582_873001859483611,photo,1/11/2016 1:56,385,16,191,385,0,0,0,0,0
246675545449582_872932539490543,photo,1/10/2016 22:55,108,16,2,108,0,0,0,0,0
246675545449582_871493462967784,photo,1/8/2016 10:30,368,12,0,368,0,0,0,0,0
246675545449582_869640513153079,photo,1/5/2016 2:45,307,18,0,307,0,0,0,0,0
246675545449582_869639453153185,photo,1/5/2016 2:44,176,4,1,176,0,0,0,0,0
246675545449582_869637083153422,photo,1/5/2016 2:37,246,13,1,246,0,0,0,0,0
246675545449582_869632989820498,photo,1/5/2016 2:20,152,30,0,152,0,0,0,0,0
246675545449582_868685239915273,photo,1/3/2016 6:55,286,5,0,286,0,0,0,0,0
246675545449582_868623156588148,status,1/3/2016 4:28,108,8,0,108,0,0,0,0,0
246675545449582_868621706588293,photo,1/3/2016 4:23,25,8,0,25,0,0,0,0,0
246675545449582_868621673254963,photo,1/3/2016 4:23,21,2,0,21,0,0,0,0,0
246675545449582_867129116737552,photo,12/31/2015 8:20,318,7,1,318,0,0,0,0,0
246675545449582_865956833521447,photo,12/29/2015 6:29,370,16,1,370,0,0,0,0,0
246675545449582_865399516910512,photo,12/28/2015 3:55,58,3,0,58,0,0,0,0,0
246675545449582_865399123577218,photo,12/28/2015 3:54,45,0,0,45,0,0,0,0,0
246675545449582_865393966911067,photo,12/28/2015 3:40,69,0,0,69,0,0,0,0,0
246675545449582_865366160247181,photo,12/28/2015 2:18,135,2,0,135,0,0,0,0,0
246675545449582_863505077099956,photo,12/25/2015 4:49,212,11,3,212,0,0,0,0,0
246675545449582_863314530452344,photo,12/24/2015 22:26,184,3,1,184,0,0,0,0,0
246675545449582_862913670492430,photo,12/24/2015 10:40,103,0,0,103,0,0,0,0,0
246675545449582_862042610579536,photo,12/22/2015 21:38,302,9,0,302,0,0,0,0,0
246675545449582_861685597281904,photo,12/22/2015 6:46,246,9,2,246,0,0,0,0,0
246675545449582_861119630671834,photo,12/21/2015 8:57,117,0,0,117,0,0,0,0,0
246675545449582_861057594011371,photo,12/21/2015 6:57,52,12,0,52,0,0,0,0,0
246675545449582_860952480688549,photo,12/21/2015 2:03,317,8,0,317,0,0,0,0,0
246675545449582_860430924074038,photo,12/20/2015 6:04,189,13,1,189,0,0,0,0,0
246675545449582_860406917409772,photo,12/20/2015 5:15,192,19,0,192,0,0,0,0,0
246675545449582_860000934117037,photo,12/19/2015 9:18,96,8,0,96,0,0,0,0,0
246675545449582_859421267508337,photo,12/18/2015 6:27,112,11,0,112,0,0,0,0,0
246675545449582_859322657518198,photo,12/18/2015 0:22,124,12,0,124,0,0,0,0,0
246675545449582_859123427538121,photo,12/17/2015 12:26,155,5,0,155,0,0,0,0,0
246675545449582_858557014261429,photo,12/16/2015 9:09,167,16,0,167,0,0,0,0,0
246675545449582_858463577604106,photo,12/16/2015 4:44,157,13,0,157,0,0,0,0,0
246675545449582_858159730967824,status,12/15/2015 11:33,101,7,0,101,0,0,0,0,0
246675545449582_857538934363237,photo,12/14/2015 6:43,230,20,0,230,0,0,0,0,0
